NK0g1,S0,496,14
NK0g1,S1,517,18
NK0g1,S2,531,14
NK0g1,S3,499,22
NK0g1,S4,491,18
NK0g1,S5,478,13
NK0g1,S6,490,14
NK0g1,S7,511,25
NK0g1,S8,464,18
NK0g1,S9,462,25
NK0g1,S10,513,22
NK0g1,S11,508,18
NK0g1,S12,509,16
NK0g1,S13,508,16
NK0g1,S14,473,14
NK0g1,S15,538,25
NK0g1,S16,494,19
NK0g1,S17,502,15
NK0g1,S18,549,22
NK0g1,S19,533,20
NK0g1,S20,554,19
NK0g1,S21,511,24
NK0g1,S22,503,22
NK0g1,S23,509,20
NK0g1,S24,541,20
NK0g1,S25,531,14
NK0g1,S26,486,15
NK0g1,S27,463,22
NK0g1,S28,514,26
NK0g1,S29,490,22
NK0g1,S30,517,21
NK0g1,S31,528,25
NK0g1,S32,517,18
NK0g1,S33,533,13
NK0g1,S34,508,12
NK0g1,S35,481,27
NK0g1,S36,496,20
NK0g1,S37,529,16
NK0g1,S38,488,30
NK0g1,S39,442,16
NK0g1,S40,514,12
NK0g1,S41,523,25
NK0g1,S42,457,17
NK0g2,S43,494,14
NK0g2,S44,471,18
NK0g2,S45,555,17
NK0g2,S46,499,22
NK0g2,S47,509,26
NK0g2,S48,504,19
NK0g2,S49,480,22
NK0g2,S50,490,23
NK0g2,S51,508,17
NK0g2,S52,561,14
NK0g2,S53,496,28
NK0g2,S54,529,10
NK0g2,S55,508,17
NK0g2,S56,456,15
NK0g2,S57,523,22
NK0g2,S58,530,18
NK0g2,S59,481,15
NK0g2,S60,497,26
NK0g2,S61,432,20
NK0g2,S62,525,26
NK0g2,S63,523,21
NK0g2,S64,504,23
NK0g2,S65,483,24
NK0g2,S66,536,20
NK0g2,S67,491,20
NK0g2,S68,498,17
NK0g2,S69,488,17
NK0g2,S70,489,26
NK0g2,S71,500,24
NK0g2,S72,470,17
NK0g2,S73,485,24
NK0g2,S74,497,22
NK0g2,S75,488,20
NK0g2,S76,519,17
NK0g2,S77,534,21
NK0g2,S78,458,17
NK0g2,S79,509,19
NK0g2,S80,549,26
NK0g2,S81,459,24
NK0g2,S82,468,18
NK0g3,S83,510,17
NK0g3,S84,512,20
NK0g3,S85,530,15
NK0g3,S86,468,20
NK0g3,S87,463,12
NK0g3,S88,489,20
NK0g3,S89,498,23
NK0g3,S90,456,13
NK0g3,S91,448,24
NK0g3,S92,564,17
NK0g3,S93,466,20
NK0g3,S94,501,26
NK0g3,S95,501,15
NK0g3,S96,510,17
NK0g3,S97,540,18
NK0g3,S98,521,23
NK0g3,S99,463,20
NK0g3,S100,479,18
NK0g3,S101,522,15
NK0g3,S102,453,11
NK0g3,S103,557,19
NK0g3,S104,461,19
NK0g3,S105,461,21
NK0g3,S106,508,24
NK0g3,S107,483,22
NK0g3,S108,489,11
NK0g3,S109,533,22
NK0g3,S110,498,18
NK0g3,S111,494,17
NK0g3,S112,478,22
NK0g3,S113,455,18
NK0g3,S114,532,15
NK0g3,S115,538,19
NK0g3,S116,570,15
NK0g3,S117,482,20
NK0g3,S118,440,22
NK0g3,S119,562,21
NK0g3,S120,526,11
NK0g3,S121,523,19
NK0g3,S122,517,18
NK0g3,S123,541,14
NK0g3,S124,491,13
NK0g3,S125,462,10
NK0g3,S126,534,15
NK0g4,S127,504,12
NK0g4,S128,496,12
NK0g4,S129,406,25
NK0g4,S130,492,12
NK0g4,S131,470,25
NK0g4,S132,491,23
NK0g4,S133,523,22
NK0g4,S134,468,21
NK0g4,S135,519,19
NK0g4,S136,495,19
NK0g4,S137,457,17
NK0g4,S138,466,21
NK0g4,S139,522,20
NK0g4,S140,475,20
NK0g4,S141,460,13
NK0g4,S142,478,19
NK0g4,S143,515,16
NK0g4,S144,446,20
NK0g4,S145,477,17
NK0g4,S146,519,15
NK0g4,S147,481,14
NK0g4,S148,532,19
NK0g4,S149,542,13
NK0g4,S150,544,23
NK0g4,S151,501,10
NK0g4,S152,535,21
NK0g4,S153,541,22
NK0g4,S154,572,16
NK0g4,S155,495,24
NK0g4,S156,463,13
NK0g4,S157,536,20
NK0g4,S158,563,26
NK0g4,S159,476,21
NK0g4,S160,547,17
NK0g4,S161,505,18
NK0g4,S162,503,16
NK0g4,S163,516,23
NK0g4,S164,528,18
NK0g4,S165,491,21
NK0g4,S166,489,21
NK0g4,S167,498,16
NK0g4,S168,510,14
NK0g4,S169,478,26
NK0g5,S170,537,30
NK0g5,S171,502,12
NK0g5,S172,509,12
NK0g5,S173,489,29
NK0g5,S174,463,22
NK0g5,S175,507,14
NK0g5,S176,453,18
NK0g5,S177,513,17
NK0g5,S178,505,21
NK0g5,S179,516,19
NK0g5,S180,498,27
NK0g5,S181,543,21
NK0g5,S182,504,10
NK0g5,S183,477,10
NK0g5,S184,495,13
NK0g5,S185,506,22
NK0g5,S186,516,11
NK0g5,S187,503,13
NK0g5,S188,475,27
NK0g5,S189,549,8
NK0g5,S190,518,12
NK0g5,S191,503,12
NK0g5,S192,505,24
NK0g5,S193,481,26
NK0g5,S194,501,24
NK0g5,S195,486,25
NK0g5,S196,459,24
NK0g5,S197,485,21
NK0g5,S198,498,15
NK0g5,S199,479,19
NK0g5,S200,495,23
NK0g5,S201,466,22
NK0g5,S202,491,12
NK0g5,S203,542,13
NK0g5,S204,500,23
NK0g5,S205,486,14
NK0g5,S206,494,21
NK0g5,S207,539,21
NK0g5,S208,496,15
NK0g5,S209,423,21
NK0g5,S210,506,10
NK0g5,S211,546,17
NK0g5,S212,508,15
NK0g5,S213,479,21
NK0g5,S214,486,16
NK0g6,S215,525,22
NK0g6,S216,526,11
NK0g6,S217,486,23
NK0g6,S218,436,10
NK0g6,S219,519,24
NK0g6,S220,474,23
NK0g6,S221,568,24
NK0g6,S222,479,15
NK0g6,S223,508,17
NK0g6,S224,537,13
NK0g6,S225,523,19
NK0g6,S226,466,22
NK0g6,S227,491,16
NK0g6,S228,514,24
NK0g6,S229,477,14
NK0g6,S230,511,23
NK0g6,S231,507,22
NK0g6,S232,507,16
NK0g6,S233,498,26
NK0g6,S234,490,16
NK0g6,S235,512,20
NK0g6,S236,477,20
NK0g6,S237,488,21
NK0g6,S238,497,22
NK0g6,S239,521,21
NK0g6,S240,489,19
NK0g6,S241,545,19
NK0g6,S242,495,25
NK0g6,S243,492,29
NK0g6,S244,508,26
NK0g6,S245,507,14
NK0g6,S246,527,21
NK0g6,S247,485,24
NK0g6,S248,526,23
NK0g6,S249,539,16
NK0g6,S250,508,16
NK0g6,S251,582,23
NK0g6,S252,500,22
NK0g6,S253,521,15
NK0g6,S254,522,17
NK0g6,S255,509,25
NK0g7,S256,488,29
NK0g7,S257,507,28
NK0g7,S258,419,24
NK0g7,S259,537,30
NK0g7,S260,499,20
NK0g7,S261,443,19
NK0g7,S262,487,18
NK0g7,S263,523,14
NK0g7,S264,476,22
NK0g7,S265,502,16
NK0g7,S266,482,12
NK0g7,S267,500,21
NK0g7,S268,493,19
NK0g7,S269,457,16
NK0g7,S270,564,12
NK0g7,S271,491,15
NK0g7,S272,533,12
NK0g7,S273,537,19
NK0g7,S274,461,22
NK0g7,S275,552,25
NK0g7,S276,452,18
NK0g7,S277,501,27
NK0g7,S278,476,19
NK0g7,S279,510,9
NK0g7,S280,448,25
NK0g7,S281,509,21
NK0g7,S282,481,16
NK0g7,S283,567,23
NK0g7,S284,499,22
NK0g7,S285,477,21
NK0g7,S286,539,21
NK0g7,S287,430,19
NK0g7,S288,430,16
NK0g7,S289,479,20
NK0g7,S290,534,8
NK0g7,S291,501,19
NK0g7,S292,438,20
NK0g7,S293,552,16
NK0g7,S294,517,30
NK0g7,S295,511,14
NK0g7,S296,516,20
NK0g7,S297,488,21
NK0g7,S298,417,15
NK0g8,S299,440,24
NK0g8,S300,484,11
NK0g8,S301,487,17
NK0g8,S302,472,18
NK0g8,S303,526,10
NK0g8,S304,539,22
NK0g8,S305,498,25
NK0g8,S306,454,26
NK0g8,S307,453,21
NK0g8,S308,480,21
NK0g8,S309,490,21
NK0g8,S310,506,11
NK0g8,S311,463,22
NK0g8,S312,507,18
NK0g8,S313,489,13
NK0g8,S314,479,24
NK0g8,S315,510,15
NK0g8,S316,478,22
NK0g8,S317,512,20
NK0g8,S318,481,15
NK0g8,S319,567,15
NK0g8,S320,554,24
NK0g8,S321,534,20
NK0g8,S322,503,26
NK0g8,S323,500,18
NK0g8,S324,484,28
NK0g8,S325,495,11
NK0g8,S326,523,14
NK0g8,S327,457,19
NK0g8,S328,470,13
NK0g8,S329,490,20
NK0g8,S330,558,19
NK0g8,S331,548,21
NK0g8,S332,534,21
NK0g8,S333,513,30
NK0g8,S334,512,19
NK0g8,S335,509,16
NK0g8,S336,509,18
NK0g8,S337,540,21
NK0g8,S338,494,21
NK0g8,S339,512,16
NK0g8,S340,530,13
NK0g8,S341,507,18
NK0g8,S342,521,22
NK0g9,S343,512,21
NK0g9,S344,509,18
NK0g9,S345,518,31
NK0g9,S346,509,16
NK0g9,S347,478,22
NK0g9,S348,507,19
NK0g9,S349,460,28
NK0g9,S350,522,23
NK0g9,S351,448,22
NK0g9,S352,532,17
NK0g9,S353,489,23
NK0g9,S354,502,24
NK0g9,S355,492,28
NK0g9,S356,563,12
NK0g9,S357,543,20
NK0g9,S358,527,15
NK0g9,S359,440,17
NK0g9,S360,526,15
NK0g9,S361,502,17
NK0g9,S362,520,20
NK0g9,S363,484,20
NK0g9,S364,508,19
NK0g9,S365,514,1
NK0g9,S366,528,14
NK0g9,S367,482,18
NK0g9,S368,498,27
NK0g9,S369,514,19
NK0g9,S370,544,10
NK0g9,S371,486,21
NK0g9,S372,496,17
NK0g9,S373,529,11
NK0g9,S374,511,30
NK0g9,S375,506,22
NK0g9,S376,471,28
NK0g9,S377,455,15
NK0g9,S378,506,20
NK0g9,S379,503,13
NK0g9,S380,494,16
NK0g9,S381,493,22
NK0g9,S382,475,17
NK0g9,S383,496,25
NK0g9,S384,453,23
NK0g9,S385,499,17
NK0g9,S386,502,21
NK0g9,S387,499,17
NK0g10,S388,461,19
NK0g10,S389,472,30
NK0g10,S390,472,15
NK0g10,S391,435,9
NK0g10,S392,503,13
NK0g10,S393,523,18
NK0g10,S394,520,23
NK0g10,S395,505,13
NK0g10,S396,503,22
NK0g10,S397,494,18
NK0g10,S398,487,22
NK0g10,S399,554,23
NK0g10,S400,410,10
NK0g10,S401,474,19
NK0g10,S402,491,12
NK0g10,S403,492,19
NK0g10,S404,501,25
NK0g10,S405,500,19
NK0g10,S406,529,22
NK0g10,S407,513,25
NK0g10,S408,549,26
NK0g10,S409,547,18
NK0g10,S410,545,23
NK0g10,S411,483,26
NK0g10,S412,507,25
NK0g10,S413,472,19
NK0g10,S414,505,21
NK0g10,S415,476,16
NK0g10,S416,466,23
NK0g10,S417,529,18
NK0g10,S418,487,24
NK0g10,S419,426,17
NK0g10,S420,467,21
NK0g10,S421,510,21
NK0g10,S422,481,20
NK0g10,S423,503,17
NK0g10,S424,506,24
NK0g10,S425,538,24
NK0g10,S426,447,31
NK0g10,S427,488,18
NK0g10,S428,455,22
NK0g10,S429,505,19
NK0g10,S430,530,21
NK0g10,S431,534,20
NK0g11,S432,483,14
NK0g11,S433,479,21
NK0g11,S434,495,19
NK0g11,S435,522,13
NK0g11,S436,569,17
NK0g11,S437,462,16
NK0g11,S438,496,20
NK0g11,S439,471,10
NK0g11,S440,468,21
NK0g11,S441,444,16
NK0g11,S442,519,25
NK0g11,S443,448,12
NK0g11,S444,514,17
NK0g11,S445,510,14
NK0g11,S446,524,22
NK0g11,S447,508,18
NK0g11,S448,505,22
NK0g11,S449,444,16
NK0g11,S450,465,19
NK0g11,S451,483,17
NK0g11,S452,482,6
NK0g11,S453,520,24
NK0g11,S454,557,16
NK0g11,S455,502,21
NK0g11,S456,511,21
NK0g11,S457,524,16
NK0g11,S458,478,19
NK0g11,S459,483,20
NK0g11,S460,463,22
NK0g11,S461,539,27
NK0g11,S462,495,17
NK0g11,S463,547,16
NK0g11,S464,554,19
NK0g11,S465,480,28
NK0g11,S466,539,14
NK0g11,S467,504,17
NK0g11,S468,443,19
NK0g11,S469,498,15
NK0g11,S470,543,20
NK0g11,S471,520,10
NK0g11,S472,547,18
NK0g11,S473,546,22
NK0g11,S474,483,21
NK0g11,S475,436,16
NK0g11,S476,478,22
NK0g12,S477,534,19
NK0g12,S478,456,21
NK0g12,S479,509,24
NK0g12,S480,494,20
NK0g12,S481,543,16
NK0g12,S482,520,19
NK0g12,S483,505,21
NK0g12,S484,524,18
NK0g12,S485,489,18
NK0g12,S486,483,14
NK0g12,S487,515,13
NK0g12,S488,449,21
NK0g12,S489,491,20
NK0g12,S490,500,14
NK0g12,S491,466,14
NK0g12,S492,526,22
NK0g12,S493,502,19
NK0g12,S494,453,15
NK0g12,S495,533,21
NK0g12,S496,529,20
NK0g12,S497,512,16
NK0g12,S498,515,19
NK0g12,S499,496,12
NK0g12,S500,524,21
NK0g12,S501,540,21
NK0g12,S502,485,20
NK0g12,S503,503,17
NK0g12,S504,530,16
NK0g12,S505,474,19
NK0g12,S506,488,23
NK0g12,S507,440,19
NK0g12,S508,473,15
NK0g12,S509,517,17
NK0g12,S510,470,21
NK0g12,S511,527,13
NK0g12,S512,519,9
NK0g12,S513,503,15
NK0g12,S514,501,15
NK0g12,S515,552,16
NK0g12,S516,500,17
NK0g12,S517,520,15
NK0g12,S518,544,19
NK0g12,S519,552,19
NK0g13,S520,484,16
NK0g13,S521,507,13
NK0g13,S522,510,20
NK0g13,S523,518,25
NK0g13,S524,498,15
NK0g13,S525,508,17
NK0g13,S526,464,15
NK0g13,S527,438,22
NK0g13,S528,466,18
NK0g13,S529,489,16
NK0g13,S530,483,25
NK0g13,S531,497,16
NK0g13,S532,477,19
NK0g13,S533,497,20
NK0g13,S534,513,23
NK0g13,S535,544,13
NK0g13,S536,517,20
NK0g13,S537,536,26
NK0g13,S538,421,20
NK0g13,S539,542,16
NK0g13,S540,535,19
NK0g13,S541,485,19
NK0g13,S542,519,16
NK0g13,S543,546,18
NK0g13,S544,470,18
NK0g13,S545,509,21
NK0g13,S546,500,15
NK0g13,S547,478,22
NK0g13,S548,491,24
NK0g13,S549,463,16
NK0g13,S550,557,25
NK0g13,S551,533,11
NK0g13,S552,492,21
NK0g13,S553,510,16
NK0g13,S554,553,25
NK0g13,S555,492,22
NK0g13,S556,525,15
NK0g13,S557,434,12
NK0g13,S558,530,18
NK0g13,S559,484,24
NK0g13,S560,494,26
NK0g13,S561,450,20
NK0g13,S562,485,23
NK0g14,S563,453,21
NK0g14,S564,496,15
NK0g14,S565,498,23
NK0g14,S566,469,12
NK0g14,S567,431,4
NK0g14,S568,492,22
NK0g14,S569,486,22
NK0g14,S570,504,11
NK0g14,S571,484,19
NK0g14,S572,458,15
NK0g14,S573,510,18
NK0g14,S574,476,18
NK0g14,S575,512,25
NK0g14,S576,500,21
NK0g14,S577,517,15
NK0g14,S578,471,14
NK0g14,S579,463,25
NK0g14,S580,478,19
NK0g14,S581,472,24
NK0g14,S582,457,25
NK0g14,S583,525,23
NK0g14,S584,492,15
NK0g14,S585,547,19
NK0g14,S586,522,30
NK0g14,S587,492,24
NK0g14,S588,478,19
NK0g14,S589,535,21
NK0g14,S590,516,25
NK0g14,S591,511,26
NK0g14,S592,456,25
NK0g14,S593,535,17
NK0g14,S594,491,24
NK0g14,S595,496,12
NK0g14,S596,528,22
NK0g14,S597,482,25
NK0g14,S598,576,15
NK0g14,S599,479,18
NK0g14,S600,501,23
NK0g14,S601,512,25
NK0g14,S602,480,14
NK0g14,S603,490,11
NK0g15,S604,469,25
NK0g15,S605,503,7
NK0g15,S606,501,30
NK0g15,S607,471,24
NK0g15,S608,511,20
NK0g15,S609,498,21
NK0g15,S610,540,16
NK0g15,S611,525,19
NK0g15,S612,514,22
NK0g15,S613,515,17
NK0g15,S614,452,23
NK0g15,S615,500,28
NK0g15,S616,527,21
NK0g15,S617,498,19
NK0g15,S618,495,17
NK0g15,S619,529,21
NK0g15,S620,475,20
NK0g15,S621,550,15
NK0g15,S622,533,25
NK0g15,S623,410,21
NK0g15,S624,533,20
NK0g15,S625,515,15
NK0g15,S626,542,25
NK0g15,S627,507,8
NK0g15,S628,494,15
NK0g15,S629,499,16
NK0g15,S630,453,13
NK0g15,S631,459,21
NK0g15,S632,455,16
NK0g15,S633,532,14
NK0g15,S634,450,19
NK0g15,S635,498,17
NK0g15,S636,497,22
NK0g15,S637,480,15
NK0g15,S638,515,21
NK0g15,S639,527,24
NK0g15,S640,477,20
NK0g15,S641,446,18
NK0g15,S642,516,23
NK0g15,S643,521,28
NK0g15,S644,520,20
NK0g15,S645,508,18
NK0g16,S646,480,23
NK0g16,S647,537,25
NK0g16,S648,510,21
NK0g16,S649,531,20
NK0g16,S650,448,21
NK0g16,S651,462,25
NK0g16,S652,497,18
NK0g16,S653,510,24
NK0g16,S654,509,24
NK0g16,S655,462,22
NK0g16,S656,551,13
NK0g16,S657,497,21
NK0g16,S658,493,23
NK0g16,S659,487,23
NK0g16,S660,517,23
NK0g16,S661,523,21
NK0g16,S662,548,26
NK0g16,S663,498,11
NK0g16,S664,506,19
NK0g16,S665,457,20
NK0g16,S666,465,19
NK0g16,S667,541,17
NK0g16,S668,496,17
NK0g16,S669,485,26
NK0g16,S670,516,23
NK0g16,S671,465,18
NK0g16,S672,466,27
NK0g16,S673,475,19
NK0g16,S674,485,22
NK0g16,S675,532,24
NK0g16,S676,495,24
NK0g16,S677,493,19
NK0g16,S678,534,23
NK0g16,S679,462,26
NK0g16,S680,487,10
NK0g16,S681,515,26
NK0g16,S682,516,13
NK0g16,S683,551,18
NK0g16,S684,566,15
NK0g16,S685,467,18
NK0g16,S686,484,15
NK0g16,S687,523,13
NK0g17,S688,447,18
NK0g17,S689,503,18
NK0g17,S690,535,6
NK0g17,S691,440,18
NK0g17,S692,499,15
NK0g17,S693,545,17
NK0g17,S694,521,24
NK0g17,S695,460,17
NK0g17,S696,502,11
NK0g17,S697,490,5
NK0g17,S698,523,17
NK0g17,S699,514,19
NK0g17,S700,534,14
NK0g17,S701,440,26
NK0g17,S702,536,30
NK0g17,S703,507,20
NK0g17,S704,497,17
NK0g17,S705,486,27
NK0g17,S706,478,21
NK0g17,S707,531,21
NK0g17,S708,483,27
NK0g17,S709,475,19
NK0g17,S710,479,17
NK0g17,S711,525,17
NK0g17,S712,484,14
NK0g17,S713,530,16
NK0g17,S714,533,23
NK0g17,S715,478,12
NK0g17,S716,486,16
NK0g17,S717,519,15
NK0g17,S718,540,16
NK0g17,S719,483,21
NK0g17,S720,505,29
NK0g17,S721,486,27
NK0g17,S722,491,28
NK0g17,S723,490,21
NK0g17,S724,478,18
NK0g17,S725,540,9
NK0g17,S726,480,14
NK0g17,S727,510,19
NK0g18,S728,489,10
NK0g18,S729,528,25
NK0g18,S730,529,24
NK0g18,S731,544,19
NK0g18,S732,523,14
NK0g18,S733,527,22
NK0g18,S734,497,23
NK0g18,S735,517,27
NK0g18,S736,431,22
NK0g18,S737,515,15
NK0g18,S738,476,27
NK0g18,S739,518,26
NK0g18,S740,487,25
NK0g18,S741,515,24
NK0g18,S742,523,24
NK0g18,S743,509,10
NK0g18,S744,473,14
NK0g18,S745,535,16
NK0g18,S746,525,19
NK0g18,S747,513,15
NK0g18,S748,420,22
NK0g18,S749,500,21
NK0g18,S750,519,20
NK0g18,S751,511,18
NK0g18,S752,554,21
NK0g18,S753,487,22
NK0g18,S754,508,30
NK0g18,S755,432,17
NK0g18,S756,502,19
NK0g18,S757,528,27
NK0g18,S758,523,15
NK0g18,S759,507,22
NK0g18,S760,493,16
NK0g18,S761,524,22
NK0g18,S762,453,20
NK0g18,S763,523,16
NK0g18,S764,545,16
NK0g18,S765,515,15
NK0g18,S766,487,17
NK0g18,S767,493,21
NK0g18,S768,516,14
NK0g19,S769,459,13
NK0g19,S770,497,24
NK0g19,S771,498,20
NK0g19,S772,500,23
NK0g19,S773,488,17
NK0g19,S774,450,21
NK0g19,S775,563,25
NK0g19,S776,513,21
NK0g19,S777,498,18
NK0g19,S778,473,16
NK0g19,S779,535,18
NK0g19,S780,472,20
NK0g19,S781,549,23
NK0g19,S782,512,20
NK0g19,S783,505,30
NK0g19,S784,505,37
NK0g19,S785,512,15
NK0g19,S786,541,16
NK0g19,S787,494,21
NK0g19,S788,533,23
NK0g19,S789,505,18
NK0g19,S790,523,8
NK0g19,S791,526,19
NK0g19,S792,460,32
NK0g19,S793,484,18
NK0g19,S794,486,22
NK0g19,S795,430,18
NK0g19,S796,472,18
NK0g19,S797,507,18
NK0g19,S798,464,21
NK0g19,S799,541,10
NK0g19,S800,482,16
NK0g19,S801,569,18
NK0g19,S802,485,27
NK0g19,S803,478,20
NK0g19,S804,520,22
NK0g19,S805,525,29
NK0g19,S806,509,27
NK0g19,S807,461,26
NK0g19,S808,461,16
NK0g20,S809,457,12
NK0g20,S810,491,15
NK0g20,S811,502,24
NK0g20,S812,486,20
NK0g20,S813,442,30
NK0g20,S814,515,12
NK0g20,S815,515,22
NK0g20,S816,499,20
NK0g20,S817,502,23
NK0g20,S818,497,16
NK0g20,S819,515,14
NK0g20,S820,482,22
NK0g20,S821,460,22
NK0g20,S822,421,13
NK0g20,S823,484,18
NK0g20,S824,537,22
NK0g20,S825,507,17
NK0g20,S826,534,22
NK0g20,S827,490,25
NK0g20,S828,479,20
NK0g20,S829,457,15
NK0g20,S830,488,27
NK0g20,S831,494,23
NK0g20,S832,509,18
NK0g20,S833,543,13
NK0g20,S834,473,23
NK0g20,S835,470,17
NK0g20,S836,537,21
NK0g20,S837,489,21
NK0g20,S838,489,26
NK0g20,S839,500,23
NK0g20,S840,494,12
NK0g20,S841,444,10
NK0g20,S842,458,9
NK0g20,S843,514,22
NK0g20,S844,458,8
NK0g20,S845,466,15
NK0g20,S846,528,13
NK0g20,S847,511,11
NK0g20,S848,561,21
NK0g20,S849,529,11
NK0g20,S850,445,20
NK0g20,S851,509,23
NK0g21,S852,445,19
NK0g21,S853,488,28
NK0g21,S854,508,21
NK0g21,S855,445,18
NK0g21,S856,509,17
NK0g21,S857,517,15
NK0g21,S858,506,19
NK0g21,S859,476,8
NK0g21,S860,609,19
NK0g21,S861,556,18
NK0g21,S862,483,5
NK0g21,S863,441,17
NK0g21,S864,540,17
NK0g21,S865,524,12
NK0g21,S866,536,9
NK0g21,S867,472,13
NK0g21,S868,539,15
NK0g21,S869,455,22
NK0g21,S870,444,20
NK0g21,S871,432,27
NK0g21,S872,518,15
NK0g21,S873,479,27
NK0g21,S874,539,19
NK0g21,S875,458,21
NK0g21,S876,496,19
NK0g21,S877,524,8
NK0g21,S878,568,25
NK0g21,S879,484,24
NK0g21,S880,544,14
NK0g21,S881,561,24
NK0g21,S882,556,19
NK0g21,S883,548,14
NK0g21,S884,464,20
NK0g21,S885,503,20
NK0g21,S886,451,13
NK0g21,S887,473,12
NK0g21,S888,515,29
NK0g21,S889,542,22
NK0g21,S890,478,23
NK0g21,S891,493,28
NK0g21,S892,506,28
NK0g21,S893,521,13
NK0g21,S894,438,18
NK0g21,S895,412,22
NK0g21,S896,482,25
NK0g22,S897,518,20
NK0g22,S898,470,19
NK0g22,S899,486,14
NK0g22,S900,463,19
NK0g22,S901,546,17
NK0g22,S902,527,18
NK0g22,S903,490,20
NK0g22,S904,516,16
NK0g22,S905,499,21
NK0g22,S906,530,26
NK0g22,S907,524,20
NK0g22,S908,461,24
NK0g22,S909,485,4
NK0g22,S910,545,22
NK0g22,S911,493,19
NK0g22,S912,513,17
NK0g22,S913,453,24
NK0g22,S914,501,17
NK0g22,S915,462,14
NK0g22,S916,436,23
NK0g22,S917,466,8
NK0g22,S918,549,23
NK0g22,S919,549,18
NK0g22,S920,478,17
NK0g22,S921,479,17
NK0g22,S922,505,26
NK0g22,S923,494,22
NK0g22,S924,468,15
NK0g22,S925,481,24
NK0g22,S926,447,18
NK0g22,S927,516,21
NK0g22,S928,488,21
NK0g22,S929,492,21
NK0g22,S930,501,18
NK0g22,S931,478,14
NK0g22,S932,524,13
NK0g22,S933,507,28
NK0g22,S934,528,18
NK0g22,S935,511,27
NK0g22,S936,544,22
NK0g22,S937,503,34
NK0g22,S938,483,24
NK0g22,S939,443,19
NK0g22,S940,453,22
NK0g23,S941,497,11
NK0g23,S942,525,22
NK0g23,S943,449,20
NK0g23,S944,477,16
NK0g23,S945,557,24
NK0g23,S946,462,24
NK0g23,S947,494,23
NK0g23,S948,539,22
NK0g23,S949,525,17
NK0g23,S950,510,12
NK0g23,S951,482,24
NK0g23,S952,521,18
NK0g23,S953,479,21
NK0g23,S954,417,13
NK0g23,S955,478,18
NK0g23,S956,453,26
NK0g23,S957,494,23
NK0g23,S958,518,10
NK0g23,S959,515,18
NK0g23,S960,465,21
NK0g23,S961,452,20
NK0g23,S962,514,14
NK0g23,S963,493,27
NK0g23,S964,527,6
NK0g23,S965,515,23
NK0g23,S966,516,6
NK0g23,S967,530,19
NK0g23,S968,497,16
NK0g23,S969,484,18
NK0g23,S970,526,32
NK0g23,S971,500,10
NK0g23,S972,558,21
NK0g23,S973,526,17
NK0g23,S974,555,22
NK0g23,S975,493,17
NK0g23,S976,502,17
NK0g23,S977,478,18
NK0g23,S978,498,26
NK0g23,S979,509,30
NK0g23,S980,493,27
NK0g23,S981,487,19
NK0g23,S982,535,18
NK0g23,S983,454,25
NK0g23,S984,487,21
NK0g23,S985,552,13
NK0g24,S986,551,21
NK0g24,S987,495,10
NK0g24,S988,512,21
NK0g24,S989,489,15
NK0g24,S990,509,22
NK0g24,S991,460,17
NK0g24,S992,527,12
NK0g24,S993,480,12
NK0g24,S994,442,13
NK0g24,S995,478,18
NK0g24,S996,484,21
NK0g24,S997,501,15
NK0g24,S998,510,20
NK0g24,S999,456,19
NK0g24,S1000,498,15
NK0g24,S1001,500,24
NK0g24,S1002,555,14
NK0g24,S1003,557,18
NK0g24,S1004,469,29
NK0g24,S1005,551,16
NK0g24,S1006,534,20
NK0g24,S1007,517,21
NK0g24,S1008,506,13
NK0g24,S1009,500,14
NK0g24,S1010,542,19
NK0g24,S1011,498,18
NK0g24,S1012,495,19
NK0g24,S1013,494,21
NK0g24,S1014,522,30
NK0g24,S1015,505,19
NK0g24,S1016,506,20
NK0g24,S1017,467,16
NK0g24,S1018,541,27
NK0g24,S1019,499,14
NK0g24,S1020,475,25
NK0g24,S1021,489,26
NK0g24,S1022,486,22
NK0g24,S1023,536,18
NK0g24,S1024,514,19
NK0g24,S1025,506,27
NK0g24,S1026,537,11
NK0g25,S1027,481,19
NK0g25,S1028,517,22
NK0g25,S1029,514,24
NK0g25,S1030,539,20
NK0g25,S1031,535,26
NK0g25,S1032,511,29
NK0g25,S1033,518,18
NK0g25,S1034,552,20
NK0g25,S1035,463,31
NK0g25,S1036,513,16
NK0g25,S1037,524,14
NK0g25,S1038,506,18
NK0g25,S1039,484,20
NK0g25,S1040,465,17
NK0g25,S1041,524,30
NK0g25,S1042,526,17
NK0g25,S1043,478,18
NK0g25,S1044,485,20
NK0g25,S1045,543,9
NK0g25,S1046,514,11
NK0g25,S1047,475,28
NK0g25,S1048,486,14
NK0g25,S1049,509,16
NK0g25,S1050,462,17
NK0g25,S1051,523,29
NK0g25,S1052,484,19
NK0g25,S1053,500,15
NK0g25,S1054,521,18
NK0g25,S1055,507,22
NK0g25,S1056,460,19
NK0g25,S1057,508,19
NK0g25,S1058,550,18
NK0g25,S1059,508,21
NK0g25,S1060,465,18
NK0g25,S1061,517,21
NK0g25,S1062,511,16
NK0g25,S1063,538,26
NK0g25,S1064,498,12
NK0g25,S1065,484,22
NK0g25,S1066,501,21
NK0g25,S1067,527,17
NK0g26,S1068,427,24
NK0g26,S1069,517,21
NK0g26,S1070,489,20
NK0g26,S1071,509,16
NK0g26,S1072,504,21
NK0g26,S1073,516,19
NK0g26,S1074,551,26
NK0g26,S1075,524,19
NK0g26,S1076,435,21
NK0g26,S1077,507,15
NK0g26,S1078,475,19
NK0g26,S1079,546,26
NK0g26,S1080,502,24
NK0g26,S1081,532,13
NK0g26,S1082,512,23
NK0g26,S1083,528,15
NK0g26,S1084,516,22
NK0g26,S1085,524,23
NK0g26,S1086,521,18
NK0g26,S1087,508,21
NK0g26,S1088,562,15
NK0g26,S1089,547,21
NK0g26,S1090,563,13
NK0g26,S1091,517,15
NK0g26,S1092,514,23
NK0g26,S1093,444,20
NK0g26,S1094,480,17
NK0g26,S1095,515,15
NK0g26,S1096,513,30
NK0g26,S1097,518,23
NK0g26,S1098,464,9
NK0g26,S1099,513,26
NK0g26,S1100,513,27
NK0g26,S1101,503,22
NK0g26,S1102,489,14
NK0g26,S1103,546,19
NK0g26,S1104,488,13
NK0g26,S1105,468,14
NK0g26,S1106,515,10
NK0g26,S1107,499,22
NK0g26,S1108,503,16
NK0g26,S1109,510,31
NK0g26,S1110,491,32
NK0g26,S1111,532,24
NK0g27,S1112,506,21
NK0g27,S1113,505,22
NK0g27,S1114,518,15
NK0g27,S1115,446,17
NK0g27,S1116,467,28
NK0g27,S1117,542,28
NK0g27,S1118,510,16
NK0g27,S1119,492,10
NK0g27,S1120,496,20
NK0g27,S1121,478,24
NK0g27,S1122,519,15
NK0g27,S1123,534,14
NK0g27,S1124,497,18
NK0g27,S1125,528,21
NK0g27,S1126,466,13
NK0g27,S1127,534,15
NK0g27,S1128,472,27
NK0g27,S1129,482,18
NK0g27,S1130,531,23
NK0g27,S1131,471,28
NK0g27,S1132,518,20
NK0g27,S1133,521,20
NK0g27,S1134,506,25
NK0g27,S1135,508,25
NK0g27,S1136,507,23
NK0g27,S1137,491,26
NK0g27,S1138,477,18
NK0g27,S1139,545,13
NK0g27,S1140,462,23
NK0g27,S1141,551,18
NK0g27,S1142,489,17
NK0g27,S1143,428,26
NK0g27,S1144,450,17
NK0g27,S1145,488,12
NK0g27,S1146,519,14
NK0g27,S1147,456,7
NK0g27,S1148,467,13
NK0g27,S1149,476,18
NK0g27,S1150,472,21
NK0g27,S1151,510,23
NK0g28,S1152,468,22
NK0g28,S1153,520,20
NK0g28,S1154,482,25
NK0g28,S1155,474,22
NK0g28,S1156,488,23
NK0g28,S1157,521,15
NK0g28,S1158,546,17
NK0g28,S1159,484,23
NK0g28,S1160,498,15
NK0g28,S1161,464,16
NK0g28,S1162,466,18
NK0g28,S1163,507,23
NK0g28,S1164,519,29
NK0g28,S1165,500,20
NK0g28,S1166,508,22
NK0g28,S1167,487,24
NK0g28,S1168,497,27
NK0g28,S1169,489,22
NK0g28,S1170,465,17
NK0g28,S1171,493,19
NK0g28,S1172,514,22
NK0g28,S1173,513,20
NK0g28,S1174,492,17
NK0g28,S1175,461,11
NK0g28,S1176,497,31
NK0g28,S1177,490,14
NK0g28,S1178,508,18
NK0g28,S1179,561,12
NK0g28,S1180,490,23
NK0g28,S1181,496,18
NK0g28,S1182,500,21
NK0g28,S1183,516,20
NK0g28,S1184,514,20
NK0g28,S1185,491,21
NK0g28,S1186,501,26
NK0g28,S1187,576,14
NK0g28,S1188,459,25
NK0g28,S1189,476,26
NK0g28,S1190,534,20
NK0g28,S1191,508,28
NK0g28,S1192,501,23
NK0g28,S1193,497,15
NK0g29,S1194,515,17
NK0g29,S1195,483,20
NK0g29,S1196,505,24
NK0g29,S1197,490,21
NK0g29,S1198,512,25
NK0g29,S1199,513,16
NK0g29,S1200,478,17
NK0g29,S1201,538,20
NK0g29,S1202,512,17
NK0g29,S1203,462,28
NK0g29,S1204,498,20
NK0g29,S1205,500,10
NK0g29,S1206,543,29
NK0g29,S1207,511,21
NK0g29,S1208,460,13
NK0g29,S1209,503,23
NK0g29,S1210,491,21
NK0g29,S1211,506,17
NK0g29,S1212,517,24
NK0g29,S1213,506,12
NK0g29,S1214,520,21
NK0g29,S1215,501,16
NK0g29,S1216,464,25
NK0g29,S1217,462,23
NK0g29,S1218,528,18
NK0g29,S1219,528,15
NK0g29,S1220,489,21
NK0g29,S1221,503,20
NK0g29,S1222,503,18
NK0g29,S1223,470,18
NK0g29,S1224,477,16
NK0g29,S1225,529,12
NK0g29,S1226,502,12
NK0g29,S1227,482,19
NK0g29,S1228,464,28
NK0g29,S1229,464,26
NK0g29,S1230,481,25
NK0g29,S1231,493,16
NK0g29,S1232,557,11
NK0g29,S1233,506,25
NK0g29,S1234,550,23
NK0g29,S1235,545,27
NK0g29,S1236,484,22
NK0g30,S1237,454,20
NK0g30,S1238,451,18
NK0g30,S1239,487,22
NK0g30,S1240,537,24
NK0g30,S1241,487,13
NK0g30,S1242,520,13
NK0g30,S1243,447,17
NK0g30,S1244,511,18
NK0g30,S1245,486,20
NK0g30,S1246,470,25
NK0g30,S1247,527,14
NK0g30,S1248,533,14
NK0g30,S1249,495,26
NK0g30,S1250,474,23
NK0g30,S1251,497,12
NK0g30,S1252,498,22
NK0g30,S1253,507,19
NK0g30,S1254,503,15
NK0g30,S1255,523,19
NK0g30,S1256,509,20
NK0g30,S1257,551,24
NK0g30,S1258,500,29
NK0g30,S1259,525,20
NK0g30,S1260,512,25
NK0g30,S1261,428,21
NK0g30,S1262,545,11
NK0g30,S1263,437,25
NK0g30,S1264,463,21
NK0g30,S1265,448,16
NK0g30,S1266,448,9
NK0g30,S1267,443,13
NK0g30,S1268,521,25
NK0g30,S1269,510,19
NK0g30,S1270,480,28
NK0g30,S1271,497,19
NK0g30,S1272,492,28
NK0g30,S1273,513,14
NK0g30,S1274,470,13
NK0g30,S1275,529,28
NK0g30,S1276,492,25
NK0g30,S1277,471,27
NK0g30,S1278,506,20
NK0g30,S1279,538,23
NK0g30,S1280,440,24
NK0g31,S1281,552,18
NK0g31,S1282,517,15
NK0g31,S1283,489,24
NK0g31,S1284,510,9
NK0g31,S1285,492,21
NK0g31,S1286,546,19
NK0g31,S1287,540,16
NK0g31,S1288,521,24
NK0g31,S1289,470,18
NK0g31,S1290,500,17
NK0g31,S1291,496,8
NK0g31,S1292,501,30
NK0g31,S1293,518,17
NK0g31,S1294,460,21
NK0g31,S1295,480,22
NK0g31,S1296,511,12
NK0g31,S1297,490,21
NK0g31,S1298,484,18
NK0g31,S1299,449,17
NK0g31,S1300,454,23
NK0g31,S1301,545,14
NK0g31,S1302,521,12
NK0g31,S1303,468,26
NK0g31,S1304,495,16
NK0g31,S1305,480,19
NK0g31,S1306,498,20
NK0g31,S1307,519,26
NK0g31,S1308,538,27
NK0g31,S1309,513,28
NK0g31,S1310,439,13
NK0g31,S1311,482,25
NK0g31,S1312,473,22
NK0g31,S1313,520,17
NK0g31,S1314,503,34
NK0g31,S1315,564,29
NK0g31,S1316,533,27
NK0g31,S1317,522,19
NK0g31,S1318,421,22
NK0g31,S1319,469,24
NK0g31,S1320,484,29
NK0g31,S1321,472,19
NK0g31,S1322,522,28
NK0g32,S1323,512,19
NK0g32,S1324,512,26
NK0g32,S1325,525,28
NK0g32,S1326,508,21
NK0g32,S1327,520,19
NK0g32,S1328,466,17
NK0g32,S1329,476,17
NK0g32,S1330,504,23
NK0g32,S1331,519,24
NK0g32,S1332,539,16
NK0g32,S1333,445,7
NK0g32,S1334,484,17
NK0g32,S1335,488,10
NK0g32,S1336,504,23
NK0g32,S1337,496,22
NK0g32,S1338,519,28
NK0g32,S1339,517,13
NK0g32,S1340,492,21
NK0g32,S1341,531,24
NK0g32,S1342,510,11
NK0g32,S1343,527,14
NK0g32,S1344,478,19
NK0g32,S1345,495,15
NK0g32,S1346,481,27
NK0g32,S1347,496,27
NK0g32,S1348,541,17
NK0g32,S1349,517,22
NK0g32,S1350,499,18
NK0g32,S1351,469,17
NK0g32,S1352,483,15
NK0g32,S1353,535,12
NK0g32,S1354,522,13
NK0g32,S1355,467,19
NK0g32,S1356,534,25
NK0g32,S1357,484,20
NK0g32,S1358,476,17
NK0g32,S1359,473,15
NK0g32,S1360,499,24
NK0g32,S1361,499,26
NK0g32,S1362,504,26
NK0g32,S1363,461,20
NK0g32,S1364,505,18
NK0g32,S1365,447,21
NK0g33,S1366,473,28
NK0g33,S1367,550,21
NK0g33,S1368,458,24
NK0g33,S1369,472,18
NK0g33,S1370,508,12
NK0g33,S1371,426,14
NK0g33,S1372,495,21
NK0g33,S1373,518,23
NK0g33,S1374,493,16
NK0g33,S1375,563,20
NK0g33,S1376,543,22
NK0g33,S1377,456,22
NK0g33,S1378,514,29
NK0g33,S1379,483,26
NK0g33,S1380,482,25
NK0g33,S1381,484,17
NK0g33,S1382,516,15
NK0g33,S1383,490,22
NK0g33,S1384,539,17
NK0g33,S1385,493,24
NK0g33,S1386,497,22
NK0g33,S1387,503,21
NK0g33,S1388,494,19
NK0g33,S1389,493,16
NK0g33,S1390,498,25
NK0g33,S1391,498,23
NK0g33,S1392,521,11
NK0g33,S1393,499,22
NK0g33,S1394,499,14
NK0g33,S1395,472,19
NK0g33,S1396,445,27
NK0g33,S1397,497,14
NK0g33,S1398,432,23
NK0g33,S1399,502,24
NK0g33,S1400,528,7
NK0g33,S1401,500,12
NK0g33,S1402,477,21
NK0g33,S1403,492,21
NK0g33,S1404,515,22
NK0g33,S1405,536,23
NK0g33,S1406,479,24
NK0g33,S1407,485,16
NK0g33,S1408,560,22
NK0g33,S1409,484,23
NK0g34,S1410,479,18
NK0g34,S1411,517,18
NK0g34,S1412,455,13
NK0g34,S1413,498,31
NK0g34,S1414,486,23
NK0g34,S1415,509,14
NK0g34,S1416,513,26
NK0g34,S1417,508,13
NK0g34,S1418,536,29
NK0g34,S1419,516,22
NK0g34,S1420,486,17
NK0g34,S1421,527,16
NK0g34,S1422,464,14
NK0g34,S1423,469,15
NK0g34,S1424,484,22
NK0g34,S1425,524,17
NK0g34,S1426,498,21
NK0g34,S1427,545,15
NK0g34,S1428,500,17
NK0g34,S1429,536,27
NK0g34,S1430,457,12
NK0g34,S1431,568,12
NK0g34,S1432,525,23
NK0g34,S1433,543,18
NK0g34,S1434,508,16
NK0g34,S1435,461,8
NK0g34,S1436,485,23
NK0g34,S1437,532,23
NK0g34,S1438,511,23
NK0g34,S1439,483,12
NK0g34,S1440,497,11
NK0g34,S1441,476,11
NK0g34,S1442,517,14
NK0g34,S1443,477,18
NK0g34,S1444,481,17
NK0g34,S1445,506,23
NK0g34,S1446,471,23
NK0g34,S1447,464,16
NK0g34,S1448,521,21
NK0g34,S1449,522,16
NK0g34,S1450,541,24
NK0g34,S1451,471,22
NK0g35,S1452,564,10
NK0g35,S1453,491,30
NK0g35,S1454,513,23
NK0g35,S1455,507,17
NK0g35,S1456,512,21
NK0g35,S1457,458,23
NK0g35,S1458,503,22
NK0g35,S1459,501,20
NK0g35,S1460,515,19
NK0g35,S1461,484,26
NK0g35,S1462,464,14
NK0g35,S1463,494,20
NK0g35,S1464,473,16
NK0g35,S1465,523,25
NK0g35,S1466,485,16
NK0g35,S1467,497,17
NK0g35,S1468,466,16
NK0g35,S1469,451,22
NK0g35,S1470,474,21
NK0g35,S1471,467,22
NK0g35,S1472,496,25
NK0g35,S1473,544,11
NK0g35,S1474,490,10
NK0g35,S1475,490,21
NK0g35,S1476,524,19
NK0g35,S1477,530,30
NK0g35,S1478,502,15
NK0g35,S1479,458,32
NK0g35,S1480,455,16
NK0g35,S1481,439,12
NK0g35,S1482,520,13
NK0g35,S1483,512,15
NK0g35,S1484,535,25
NK0g35,S1485,538,20
NK0g35,S1486,454,28
NK0g35,S1487,490,23
NK0g35,S1488,487,18
NK0g35,S1489,507,19
NK0g35,S1490,536,20
NK0g35,S1491,533,28
NK0g35,S1492,492,24
NK0g35,S1493,496,19
NK0g35,S1494,485,25
NK0g35,S1495,523,17
NK0g36,S1496,530,25
NK0g36,S1497,496,27
NK0g36,S1498,499,24
NK0g36,S1499,513,17
NK0g36,S1500,510,22
NK0g36,S1501,478,20
NK0g36,S1502,510,25
NK0g36,S1503,452,22
NK0g36,S1504,494,23
NK0g36,S1505,490,33
NK0g36,S1506,506,18
NK0g36,S1507,535,20
NK0g36,S1508,514,26
NK0g36,S1509,488,13
NK0g36,S1510,471,25
NK0g36,S1511,480,30
NK0g36,S1512,524,14
NK0g36,S1513,454,25
NK0g36,S1514,490,18
NK0g36,S1515,556,26
NK0g36,S1516,516,22
NK0g36,S1517,472,22
NK0g36,S1518,508,19
NK0g36,S1519,525,21
NK0g36,S1520,502,22
NK0g36,S1521,494,14
NK0g36,S1522,553,16
NK0g36,S1523,487,32
NK0g36,S1524,480,19
NK0g36,S1525,497,23
NK0g36,S1526,469,18
NK0g36,S1527,525,16
NK0g36,S1528,517,22
NK0g36,S1529,514,23
NK0g36,S1530,516,21
NK0g36,S1531,472,16
NK0g36,S1532,524,22
NK0g36,S1533,501,19
NK0g36,S1534,542,28
NK0g36,S1535,456,20
NK0g36,S1536,454,17
NK0g36,S1537,505,18
NK0g37,S1538,528,22
NK0g37,S1539,494,13
NK0g37,S1540,481,25
NK0g37,S1541,457,19
NK0g37,S1542,541,17
NK0g37,S1543,504,21
NK0g37,S1544,471,20
NK0g37,S1545,520,27
NK0g37,S1546,501,26
NK0g37,S1547,498,27
NK0g37,S1548,548,15
NK0g37,S1549,490,15
NK0g37,S1550,498,12
NK0g37,S1551,441,23
NK0g37,S1552,502,28
NK0g37,S1553,522,22
NK0g37,S1554,572,23
NK0g37,S1555,540,20
NK0g37,S1556,503,8
NK0g37,S1557,532,14
NK0g37,S1558,528,22
NK0g37,S1559,494,16
NK0g37,S1560,520,23
NK0g37,S1561,529,20
NK0g37,S1562,458,18
NK0g37,S1563,471,19
NK0g37,S1564,524,14
NK0g37,S1565,467,20
NK0g37,S1566,427,15
NK0g37,S1567,537,22
NK0g37,S1568,464,13
NK0g37,S1569,511,19
NK0g37,S1570,525,27
NK0g37,S1571,556,21
NK0g37,S1572,549,21
NK0g37,S1573,536,22
NK0g37,S1574,450,20
NK0g37,S1575,464,25
NK0g37,S1576,449,16
NK0g37,S1577,523,21
NK0g37,S1578,530,17
NK0g37,S1579,492,16
NK0g38,S1580,510,25
NK0g38,S1581,484,21
NK0g38,S1582,544,27
NK0g38,S1583,443,20
NK0g38,S1584,526,19
NK0g38,S1585,511,21
NK0g38,S1586,535,18
NK0g38,S1587,520,22
NK0g38,S1588,520,24
NK0g38,S1589,531,30
NK0g38,S1590,500,12
NK0g38,S1591,462,16
NK0g38,S1592,464,20
NK0g38,S1593,509,16
NK0g38,S1594,512,13
NK0g38,S1595,489,15
NK0g38,S1596,555,26
NK0g38,S1597,479,17
NK0g38,S1598,469,22
NK0g38,S1599,482,25
NK0g38,S1600,510,13
NK0g38,S1601,473,16
NK0g38,S1602,502,19
NK0g38,S1603,540,20
NK0g38,S1604,503,18
NK0g38,S1605,485,13
NK0g38,S1606,515,16
NK0g38,S1607,526,19
NK0g38,S1608,470,15
NK0g38,S1609,521,22
NK0g38,S1610,495,20
NK0g38,S1611,433,27
NK0g38,S1612,467,27
NK0g38,S1613,520,32
NK0g38,S1614,514,23
NK0g38,S1615,494,21
NK0g38,S1616,515,17
NK0g38,S1617,495,24
NK0g38,S1618,488,22
NK0g38,S1619,543,17
NK0g38,S1620,454,21
NK0g38,S1621,481,30
NK0g38,S1622,558,18
NK0g38,S1623,461,20
NK0g39,S1624,466,15
NK0g39,S1625,468,28
NK0g39,S1626,518,20
NK0g39,S1627,515,26
NK0g39,S1628,513,16
NK0g39,S1629,578,9
NK0g39,S1630,488,18
NK0g39,S1631,543,20
NK0g39,S1632,489,16
NK0g39,S1633,461,17
NK0g39,S1634,477,22
NK0g39,S1635,498,15
NK0g39,S1636,527,18
NK0g39,S1637,474,26
NK0g39,S1638,509,21
NK0g39,S1639,493,17
NK0g39,S1640,516,23
NK0g39,S1641,587,19
NK0g39,S1642,521,25
NK0g39,S1643,511,20
NK0g39,S1644,530,15
NK0g39,S1645,497,14
NK0g39,S1646,478,15
NK0g39,S1647,469,19
NK0g39,S1648,548,13
NK0g39,S1649,499,20
NK0g39,S1650,519,19
NK0g39,S1651,504,27
NK0g39,S1652,490,23
NK0g39,S1653,488,16
NK0g39,S1654,502,26
NK0g39,S1655,497,21
NK0g39,S1656,492,14
NK0g39,S1657,472,22
NK0g39,S1658,449,15
NK0g39,S1659,527,20
NK0g39,S1660,529,17
NK0g39,S1661,477,23
NK0g39,S1662,475,16
NK0g39,S1663,485,17
NK0g39,S1664,454,24
NK0g39,S1665,484,18
NK0g39,S1666,457,17
NK0g40,S1667,521,17
NK0g40,S1668,543,18
NK0g40,S1669,509,9
NK0g40,S1670,502,16
NK0g40,S1671,508,13
NK0g40,S1672,506,9
NK0g40,S1673,494,20
NK0g40,S1674,529,25
NK0g40,S1675,468,23
NK0g40,S1676,471,20
NK0g40,S1677,520,16
NK0g40,S1678,535,19
NK0g40,S1679,524,11
NK0g40,S1680,507,24
NK0g40,S1681,483,13
NK0g40,S1682,491,21
NK0g40,S1683,475,22
NK0g40,S1684,548,18
NK0g40,S1685,460,20
NK0g40,S1686,554,22
NK0g40,S1687,491,21
NK0g40,S1688,495,27
NK0g40,S1689,549,19
NK0g40,S1690,469,10
NK0g40,S1691,517,16
NK0g40,S1692,467,27
NK0g40,S1693,454,10
NK0g40,S1694,501,17
NK0g40,S1695,426,11
NK0g40,S1696,523,12
NK0g40,S1697,472,12
NK0g40,S1698,467,20
NK0g40,S1699,559,19
NK0g40,S1700,513,13
NK0g40,S1701,447,15
NK0g40,S1702,514,13
NK0g40,S1703,516,14
NK0g40,S1704,499,23
NK0g40,S1705,505,12
NK0g40,S1706,488,24
NK0g40,S1707,514,27
NK0g40,S1708,505,22
NK0g40,S1709,557,25
NK0g40,S1710,441,16
NK0g40,S1711,520,15
NK0g41,S1712,478,23
NK0g41,S1713,476,15
NK0g41,S1714,462,8
NK0g41,S1715,505,19
NK0g41,S1716,481,21
NK0g41,S1717,438,21
NK0g41,S1718,477,18
NK0g41,S1719,558,23
NK0g41,S1720,518,18
NK0g41,S1721,482,21
NK0g41,S1722,473,18
NK0g41,S1723,520,21
NK0g41,S1724,483,14
NK0g41,S1725,469,24
NK0g41,S1726,495,17
NK0g41,S1727,528,23
NK0g41,S1728,526,15
NK0g41,S1729,498,15
NK0g41,S1730,523,17
NK0g41,S1731,502,18
NK0g41,S1732,450,18
NK0g41,S1733,477,20
NK0g41,S1734,486,16
NK0g41,S1735,497,24
NK0g41,S1736,493,17
NK0g41,S1737,504,15
NK0g41,S1738,514,20
NK0g41,S1739,493,18
NK0g41,S1740,507,14
NK0g41,S1741,549,26
NK0g41,S1742,502,23
NK0g41,S1743,548,20
NK0g41,S1744,514,18
NK0g41,S1745,453,12
NK0g41,S1746,515,24
NK0g41,S1747,535,14
NK0g41,S1748,427,12
NK0g41,S1749,509,16
NK0g41,S1750,509,17
NK0g41,S1751,471,20
NK0g41,S1752,520,13
NK0g41,S1753,491,16
NK0g42,S1754,553,14
NK0g42,S1755,493,23
NK0g42,S1756,491,23
NK0g42,S1757,454,15
NK0g42,S1758,488,20
NK0g42,S1759,469,21
NK0g42,S1760,479,26
NK0g42,S1761,541,18
NK0g42,S1762,496,24
NK0g42,S1763,556,19
NK0g42,S1764,526,20
NK0g42,S1765,497,14
NK0g42,S1766,509,19
NK0g42,S1767,484,21
NK0g42,S1768,477,28
NK0g42,S1769,509,22
NK0g42,S1770,482,15
NK0g42,S1771,459,18
NK0g42,S1772,490,21
NK0g42,S1773,482,30
NK0g42,S1774,520,19
NK0g42,S1775,504,12
NK0g42,S1776,445,29
NK0g42,S1777,507,21
NK0g42,S1778,446,17
NK0g42,S1779,500,18
NK0g42,S1780,461,19
NK0g42,S1781,477,18
NK0g42,S1782,509,11
NK0g42,S1783,553,18
NK0g42,S1784,539,12
NK0g42,S1785,541,24
NK0g42,S1786,453,22
NK0g42,S1787,487,23
NK0g42,S1788,468,13
NK0g42,S1789,460,22
NK0g42,S1790,467,14
NK0g42,S1791,541,16
NK0g42,S1792,543,9
NK0g42,S1793,474,19
NK0g42,S1794,479,23
NK0g42,S1795,482,22
NK0g42,S1796,485,16
NK0g42,S1797,479,22
NK0g42,S1798,520,19
NK0g43,S1799,535,22
NK0g43,S1800,546,27
NK0g43,S1801,473,18
NK0g43,S1802,552,15
NK0g43,S1803,521,22
NK0g43,S1804,442,19
NK0g43,S1805,465,22
NK0g43,S1806,509,15
NK0g43,S1807,511,19
NK0g43,S1808,486,20
NK0g43,S1809,569,27
NK0g43,S1810,539,16
NK0g43,S1811,532,26
NK0g43,S1812,569,20
NK0g43,S1813,496,17
NK0g43,S1814,493,25
NK0g43,S1815,484,18
NK0g43,S1816,499,20
NK0g43,S1817,569,17
NK0g43,S1818,515,18
NK0g43,S1819,523,21
NK0g43,S1820,521,17
NK0g43,S1821,507,18
NK0g43,S1822,523,19
NK0g43,S1823,486,24
NK0g43,S1824,553,14
NK0g43,S1825,459,22
NK0g43,S1826,591,9
NK0g43,S1827,535,17
NK0g43,S1828,503,21
NK0g43,S1829,480,20
NK0g43,S1830,462,15
NK0g43,S1831,528,29
NK0g43,S1832,549,21
NK0g43,S1833,462,14
NK0g43,S1834,511,20
NK0g43,S1835,498,16
NK0g43,S1836,539,25
NK0g43,S1837,512,18
NK0g43,S1838,473,23
NK0g43,S1839,520,16
NK0g43,S1840,450,17
NK0g43,S1841,515,22
NK0g43,S1842,530,13
NK0g43,S1843,505,14
NK0g44,S1844,468,23
NK0g44,S1845,525,17
NK0g44,S1846,537,12
NK0g44,S1847,576,29
NK0g44,S1848,529,26
NK0g44,S1849,465,12
NK0g44,S1850,518,17
NK0g44,S1851,492,21
NK0g44,S1852,503,24
NK0g44,S1853,455,23
NK0g44,S1854,494,23
NK0g44,S1855,478,15
NK0g44,S1856,484,22
NK0g44,S1857,487,22
NK0g44,S1858,419,32
NK0g44,S1859,518,19
NK0g44,S1860,503,15
NK0g44,S1861,498,11
NK0g44,S1862,483,18
NK0g44,S1863,547,17
NK0g44,S1864,565,16
NK0g44,S1865,475,22
NK0g44,S1866,522,19
NK0g44,S1867,508,26
NK0g44,S1868,524,21
NK0g44,S1869,519,24
NK0g44,S1870,474,23
NK0g44,S1871,485,18
NK0g44,S1872,531,14
NK0g44,S1873,578,18
NK0g44,S1874,518,16
NK0g44,S1875,506,24
NK0g44,S1876,479,21
NK0g44,S1877,462,24
NK0g44,S1878,516,25
NK0g44,S1879,552,19
NK0g44,S1880,524,23
NK0g44,S1881,514,19
NK0g44,S1882,510,30
NK0g44,S1883,527,23
NK0g44,S1884,470,22
NK0g44,S1885,469,20
NK0g45,S1886,474,21
NK0g45,S1887,479,15
NK0g45,S1888,448,15
NK0g45,S1889,516,24
NK0g45,S1890,553,26
NK0g45,S1891,570,26
NK0g45,S1892,542,15
NK0g45,S1893,500,11
NK0g45,S1894,468,21
NK0g45,S1895,526,18
NK0g45,S1896,482,20
NK0g45,S1897,496,21
NK0g45,S1898,511,16
NK0g45,S1899,516,28
NK0g45,S1900,483,13
NK0g45,S1901,477,24
NK0g45,S1902,535,15
NK0g45,S1903,560,19
NK0g45,S1904,470,25
NK0g45,S1905,520,24
NK0g45,S1906,521,11
NK0g45,S1907,524,22
NK0g45,S1908,506,19
NK0g45,S1909,481,29
NK0g45,S1910,467,25
NK0g45,S1911,439,13
NK0g45,S1912,562,23
NK0g45,S1913,461,27
NK0g45,S1914,478,23
NK0g45,S1915,528,17
NK0g45,S1916,535,26
NK0g45,S1917,512,23
NK0g45,S1918,461,13
NK0g45,S1919,498,15
NK0g45,S1920,494,28
NK0g45,S1921,520,10
NK0g45,S1922,545,11
NK0g45,S1923,502,26
NK0g45,S1924,495,18
NK0g45,S1925,534,22
NK0g45,S1926,525,23
NK0g45,S1927,480,17
NK0g45,S1928,478,18
NK0g45,S1929,475,22
NK0g45,S1930,461,23
NK0g46,S1931,486,17
NK0g46,S1932,481,18
NK0g46,S1933,462,12
NK0g46,S1934,535,12
NK0g46,S1935,440,22
NK0g46,S1936,498,22
NK0g46,S1937,499,29
NK0g46,S1938,479,16
NK0g46,S1939,503,22
NK0g46,S1940,470,15
NK0g46,S1941,514,28
NK0g46,S1942,451,22
NK0g46,S1943,494,20
NK0g46,S1944,547,17
NK0g46,S1945,476,14
NK0g46,S1946,458,19
NK0g46,S1947,548,22
NK0g46,S1948,534,25
NK0g46,S1949,501,20
NK0g46,S1950,523,27
NK0g46,S1951,540,16
NK0g46,S1952,478,15
NK0g46,S1953,478,20
NK0g46,S1954,456,25
NK0g46,S1955,471,17
NK0g46,S1956,529,18
NK0g46,S1957,479,16
NK0g46,S1958,479,18
NK0g46,S1959,491,17
NK0g46,S1960,490,20
NK0g46,S1961,473,17
NK0g46,S1962,471,18
NK0g46,S1963,485,12
NK0g46,S1964,568,26
NK0g46,S1965,483,22
NK0g46,S1966,496,18
NK0g46,S1967,486,15
NK0g46,S1968,489,12
NK0g46,S1969,521,14
NK0g46,S1970,548,16
NK0g46,S1971,503,20
NK0g46,S1972,505,18
NK0g47,S1973,528,19
NK0g47,S1974,531,15
NK0g47,S1975,469,28
NK0g47,S1976,518,25
NK0g47,S1977,556,24
NK0g47,S1978,456,18
NK0g47,S1979,494,20
NK0g47,S1980,479,20
NK0g47,S1981,545,24
NK0g47,S1982,537,19
NK0g47,S1983,534,20
NK0g47,S1984,474,28
NK0g47,S1985,523,22
NK0g47,S1986,512,15
NK0g47,S1987,540,17
NK0g47,S1988,520,20
NK0g47,S1989,566,18
NK0g47,S1990,527,24
NK0g47,S1991,505,15
NK0g47,S1992,499,16
NK0g47,S1993,505,24
NK0g47,S1994,542,18
NK0g47,S1995,512,17
NK0g47,S1996,522,17
NK0g47,S1997,490,20
NK0g47,S1998,507,9
NK0g47,S1999,549,21
NK0g47,S2000,464,32
NK0g47,S2001,473,25
NK0g47,S2002,499,27
NK0g47,S2003,484,26
NK0g47,S2004,541,10
NK0g47,S2005,519,18
NK0g47,S2006,480,22
NK0g47,S2007,510,25
NK0g47,S2008,515,21
NK0g47,S2009,520,20
NK0g47,S2010,513,21
NK0g47,S2011,464,20
NK0g47,S2012,545,22
NK0g47,S2013,456,18
NK0g48,S2014,492,22
NK0g48,S2015,490,18
NK0g48,S2016,469,11
NK0g48,S2017,481,20
NK0g48,S2018,478,12
NK0g48,S2019,504,25
NK0g48,S2020,455,22
NK0g48,S2021,511,17
NK0g48,S2022,522,24
NK0g48,S2023,486,17
NK0g48,S2024,523,25
NK0g48,S2025,516,11
NK0g48,S2026,491,20
NK0g48,S2027,479,13
NK0g48,S2028,483,23
NK0g48,S2029,549,16
NK0g48,S2030,447,20
NK0g48,S2031,477,20
NK0g48,S2032,477,26
NK0g48,S2033,555,23
NK0g48,S2034,466,25
NK0g48,S2035,499,12
NK0g48,S2036,497,21
NK0g48,S2037,467,25
NK0g48,S2038,529,21
NK0g48,S2039,520,11
NK0g48,S2040,535,12
NK0g48,S2041,483,28
NK0g48,S2042,473,15
NK0g48,S2043,474,20
NK0g48,S2044,472,21
NK0g48,S2045,464,21
NK0g48,S2046,528,12
NK0g48,S2047,462,10
NK0g48,S2048,503,14
NK0g48,S2049,465,24
NK0g48,S2050,488,20
NK0g48,S2051,481,11
NK0g48,S2052,503,19
NK0g48,S2053,489,26
NK0g48,S2054,510,19
NK0g49,S2055,529,21
NK0g49,S2056,547,18
NK0g49,S2057,535,23
NK0g49,S2058,426,18
NK0g49,S2059,450,23
NK0g49,S2060,448,21
NK0g49,S2061,539,21
NK0g49,S2062,486,24
NK0g49,S2063,489,20
NK0g49,S2064,475,12
NK0g49,S2065,521,23
NK0g49,S2066,510,30
NK0g49,S2067,497,14
NK0g49,S2068,483,16
NK0g49,S2069,537,18
NK0g49,S2070,454,30
NK0g49,S2071,480,22
NK0g49,S2072,488,23
NK0g49,S2073,501,18
NK0g49,S2074,523,20
NK0g49,S2075,485,24
NK0g49,S2076,496,19
NK0g49,S2077,531,23
NK0g49,S2078,496,20
NK0g49,S2079,489,15
NK0g49,S2080,485,21
NK0g49,S2081,476,25
NK0g49,S2082,439,23
NK0g49,S2083,478,17
NK0g49,S2084,452,31
NK0g49,S2085,552,15
NK0g49,S2086,485,14
NK0g49,S2087,540,26
NK0g49,S2088,545,24
NK0g49,S2089,501,13
NK0g49,S2090,445,20
NK0g49,S2091,502,20
NK0g49,S2092,533,16
NK0g49,S2093,571,15
NK0g49,S2094,532,18
NK0g49,S2095,537,15
NK0g49,S2096,478,20
NK0g50,S2097,442,22
NK0g50,S2098,484,16
NK0g50,S2099,482,25
NK0g50,S2100,553,24
NK0g50,S2101,495,26
NK0g50,S2102,543,29
NK0g50,S2103,466,17
NK0g50,S2104,466,24
NK0g50,S2105,507,17
NK0g50,S2106,436,21
NK0g50,S2107,513,15
NK0g50,S2108,529,11
NK0g50,S2109,542,21
NK0g50,S2110,506,23
NK0g50,S2111,520,29
NK0g50,S2112,433,24
NK0g50,S2113,478,13
NK0g50,S2114,443,21
NK0g50,S2115,529,19
NK0g50,S2116,547,17
NK0g50,S2117,595,18
NK0g50,S2118,507,19
NK0g50,S2119,475,10
NK0g50,S2120,498,16
NK0g50,S2121,541,20
NK0g50,S2122,529,7
NK0g50,S2123,518,19
NK0g50,S2124,493,21
NK0g50,S2125,516,18
NK0g50,S2126,467,18
NK0g50,S2127,484,15
NK0g50,S2128,469,18
NK0g50,S2129,538,10
NK0g50,S2130,498,18
NK0g50,S2131,543,14
NK0g50,S2132,442,19
NK0g50,S2133,522,16
NK0g50,S2134,523,26
NK0g50,S2135,525,21
NK0g50,S2136,489,20
NK0g51,S2137,474,21
NK0g51,S2138,495,14
NK0g51,S2139,434,23
NK0g51,S2140,453,17
NK0g51,S2141,504,20
NK0g51,S2142,495,10
NK0g51,S2143,449,21
NK0g51,S2144,462,10
NK0g51,S2145,528,14
NK0g51,S2146,558,22
NK0g51,S2147,470,21
NK0g51,S2148,521,17
NK0g51,S2149,520,20
NK0g51,S2150,472,19
NK0g51,S2151,453,13
NK0g51,S2152,472,20
NK0g51,S2153,537,19
NK0g51,S2154,521,16
NK0g51,S2155,524,23
NK0g51,S2156,509,23
NK0g51,S2157,473,22
NK0g51,S2158,486,29
NK0g51,S2159,511,12
NK0g51,S2160,502,14
NK0g51,S2161,509,17
NK0g51,S2162,485,20
NK0g51,S2163,512,23
NK0g51,S2164,494,16
NK0g51,S2165,486,10
NK0g51,S2166,500,21
NK0g51,S2167,473,22
NK0g51,S2168,525,19
NK0g51,S2169,479,20
NK0g51,S2170,512,18
NK0g51,S2171,511,28
NK0g51,S2172,485,14
NK0g51,S2173,467,26
NK0g51,S2174,530,29
NK0g51,S2175,493,15
NK0g51,S2176,529,10
NK0g51,S2177,498,19
NK0g51,S2178,553,18
NK0g51,S2179,480,24
NK0g51,S2180,474,25
NK0g51,S2181,430,22
NK0g52,S2182,513,19
NK0g52,S2183,431,13
NK0g52,S2184,427,13
NK0g52,S2185,534,22
NK0g52,S2186,524,17
NK0g52,S2187,560,20
NK0g52,S2188,480,18
NK0g52,S2189,522,22
NK0g52,S2190,548,18
NK0g52,S2191,440,16
NK0g52,S2192,476,20
NK0g52,S2193,492,14
NK0g52,S2194,506,17
NK0g52,S2195,534,27
NK0g52,S2196,562,19
NK0g52,S2197,512,21
NK0g52,S2198,521,17
NK0g52,S2199,450,23
NK0g52,S2200,498,14
NK0g52,S2201,497,17
NK0g52,S2202,490,10
NK0g52,S2203,489,24
NK0g52,S2204,518,19
NK0g52,S2205,486,28
NK0g52,S2206,450,24
NK0g52,S2207,485,16
NK0g52,S2208,470,21
NK0g52,S2209,517,23
NK0g52,S2210,550,27
NK0g52,S2211,486,16
NK0g52,S2212,517,13
NK0g52,S2213,504,23
NK0g52,S2214,499,6
NK0g52,S2215,538,17
NK0g52,S2216,526,27
NK0g52,S2217,478,17
NK0g52,S2218,484,11
NK0g52,S2219,491,15
NK0g52,S2220,486,19
NK0g52,S2221,462,22
NK0g52,S2222,516,19
NK0g52,S2223,509,14
NK0g53,S2224,486,18
NK0g53,S2225,463,18
NK0g53,S2226,490,18
NK0g53,S2227,486,18
NK0g53,S2228,501,29
NK0g53,S2229,471,19
NK0g53,S2230,471,10
NK0g53,S2231,451,22
NK0g53,S2232,501,23
NK0g53,S2233,510,24
NK0g53,S2234,474,24
NK0g53,S2235,540,23
NK0g53,S2236,499,24
NK0g53,S2237,538,16
NK0g53,S2238,500,15
NK0g53,S2239,461,18
NK0g53,S2240,532,28
NK0g53,S2241,522,27
NK0g53,S2242,491,21
NK0g53,S2243,508,17
NK0g53,S2244,524,15
NK0g53,S2245,423,23
NK0g53,S2246,510,11
NK0g53,S2247,512,16
NK0g53,S2248,529,14
NK0g53,S2249,528,30
NK0g53,S2250,464,20
NK0g53,S2251,488,21
NK0g53,S2252,481,18
NK0g53,S2253,509,15
NK0g53,S2254,524,26
NK0g53,S2255,503,21
NK0g53,S2256,495,21
NK0g53,S2257,496,11
NK0g53,S2258,501,18
NK0g53,S2259,529,19
NK0g53,S2260,513,14
NK0g53,S2261,500,15
NK0g53,S2262,501,19
NK0g53,S2263,506,18
NK0g54,S2264,504,29
NK0g54,S2265,457,20
NK0g54,S2266,439,17
NK0g54,S2267,492,14
NK0g54,S2268,477,28
NK0g54,S2269,469,25
NK0g54,S2270,518,12
NK0g54,S2271,486,21
NK0g54,S2272,443,15
NK0g54,S2273,510,14
NK0g54,S2274,468,22
NK0g54,S2275,493,14
NK0g54,S2276,478,12
NK0g54,S2277,534,17
NK0g54,S2278,498,15
NK0g54,S2279,477,18
NK0g54,S2280,557,21
NK0g54,S2281,495,23
NK0g54,S2282,443,15
NK0g54,S2283,480,11
NK0g54,S2284,481,27
NK0g54,S2285,422,19
NK0g54,S2286,445,30
NK0g54,S2287,517,15
NK0g54,S2288,500,21
NK0g54,S2289,521,15
NK0g54,S2290,417,16
NK0g54,S2291,542,13
NK0g54,S2292,541,20
NK0g54,S2293,507,18
NK0g54,S2294,537,17
NK0g54,S2295,496,12
NK0g54,S2296,487,16
NK0g54,S2297,432,14
NK0g54,S2298,529,22
NK0g54,S2299,481,25
NK0g54,S2300,474,19
NK0g54,S2301,527,23
NK0g54,S2302,514,14
NK0g54,S2303,514,10
NK0g55,S2304,510,20
NK0g55,S2305,519,22
NK0g55,S2306,459,20
NK0g55,S2307,473,20
NK0g55,S2308,479,16
NK0g55,S2309,521,16
NK0g55,S2310,472,15
NK0g55,S2311,507,18
NK0g55,S2312,507,21
NK0g55,S2313,517,23
NK0g55,S2314,500,26
NK0g55,S2315,484,17
NK0g55,S2316,495,21
NK0g55,S2317,502,22
NK0g55,S2318,463,26
NK0g55,S2319,517,27
NK0g55,S2320,535,20
NK0g55,S2321,483,19
NK0g55,S2322,508,27
NK0g55,S2323,512,20
NK0g55,S2324,482,17
NK0g55,S2325,526,17
NK0g55,S2326,528,9
NK0g55,S2327,482,18
NK0g55,S2328,465,27
NK0g55,S2329,453,20
NK0g55,S2330,522,18
NK0g55,S2331,475,25
NK0g55,S2332,451,19
NK0g55,S2333,456,28
NK0g55,S2334,487,29
NK0g55,S2335,494,19
NK0g55,S2336,447,22
NK0g55,S2337,476,20
NK0g55,S2338,519,16
NK0g55,S2339,463,20
NK0g55,S2340,486,19
NK0g55,S2341,525,17
NK0g55,S2342,508,15
NK0g55,S2343,528,22
NK0g55,S2344,564,19
NK0g56,S2345,496,20
NK0g56,S2346,441,17
NK0g56,S2347,510,20
NK0g56,S2348,504,32
NK0g56,S2349,537,23
NK0g56,S2350,504,10
NK0g56,S2351,498,18
NK0g56,S2352,477,25
NK0g56,S2353,474,25
NK0g56,S2354,515,13
NK0g56,S2355,503,24
NK0g56,S2356,497,20
NK0g56,S2357,480,24
NK0g56,S2358,532,12
NK0g56,S2359,535,15
NK0g56,S2360,514,19
NK0g56,S2361,507,21
NK0g56,S2362,545,19
NK0g56,S2363,496,18
NK0g56,S2364,516,17
NK0g56,S2365,547,18
NK0g56,S2366,476,26
NK0g56,S2367,495,18
NK0g56,S2368,462,20
NK0g56,S2369,508,19
NK0g56,S2370,486,21
NK0g56,S2371,516,18
NK0g56,S2372,494,23
NK0g56,S2373,508,28
NK0g56,S2374,519,11
NK0g56,S2375,461,16
NK0g56,S2376,484,17
NK0g56,S2377,497,15
NK0g56,S2378,454,20
NK0g56,S2379,496,22
NK0g56,S2380,511,18
NK0g56,S2381,458,13
NK0g56,S2382,517,33
NK0g56,S2383,536,19
NK0g56,S2384,545,13
NK0g56,S2385,486,13
NK0g56,S2386,540,16
NK0g57,S2387,471,23
NK0g57,S2388,519,26
NK0g57,S2389,485,12
NK0g57,S2390,520,14
NK0g57,S2391,525,24
NK0g57,S2392,518,17
NK0g57,S2393,471,17
NK0g57,S2394,558,15
NK0g57,S2395,506,20
NK0g57,S2396,527,20
NK0g57,S2397,477,21
NK0g57,S2398,455,25
NK0g57,S2399,502,19
NK0g57,S2400,460,20
NK0g57,S2401,516,24
NK0g57,S2402,485,26
NK0g57,S2403,534,17
NK0g57,S2404,516,18
NK0g57,S2405,488,19
NK0g57,S2406,473,19
NK0g57,S2407,494,16
NK0g57,S2408,494,22
NK0g57,S2409,446,19
NK0g57,S2410,484,30
NK0g57,S2411,493,24
NK0g57,S2412,504,12
NK0g57,S2413,471,22
NK0g57,S2414,508,23
NK0g57,S2415,504,17
NK0g57,S2416,480,18
NK0g57,S2417,475,28
NK0g57,S2418,493,26
NK0g57,S2419,484,23
NK0g57,S2420,549,20
NK0g57,S2421,477,18
NK0g57,S2422,519,22
NK0g57,S2423,544,27
NK0g57,S2424,466,15
NK0g57,S2425,555,19
NK0g57,S2426,476,15
NK0g57,S2427,524,23
NK0g57,S2428,506,21
NK0g57,S2429,503,25
NK0g58,S2430,485,30
NK0g58,S2431,461,22
NK0g58,S2432,459,25
NK0g58,S2433,532,22
NK0g58,S2434,510,24
NK0g58,S2435,497,17
NK0g58,S2436,460,27
NK0g58,S2437,543,21
NK0g58,S2438,503,27
NK0g58,S2439,532,14
NK0g58,S2440,500,29
NK0g58,S2441,530,13
NK0g58,S2442,531,15
NK0g58,S2443,471,15
NK0g58,S2444,494,20
NK0g58,S2445,512,17
NK0g58,S2446,549,13
NK0g58,S2447,521,26
NK0g58,S2448,483,23
NK0g58,S2449,514,21
NK0g58,S2450,448,19
NK0g58,S2451,486,11
NK0g58,S2452,557,20
NK0g58,S2453,541,22
NK0g58,S2454,472,24
NK0g58,S2455,482,17
NK0g58,S2456,527,20
NK0g58,S2457,514,9
NK0g58,S2458,533,21
NK0g58,S2459,499,24
NK0g58,S2460,524,12
NK0g58,S2461,478,28
NK0g58,S2462,481,14
NK0g58,S2463,494,10
NK0g58,S2464,523,27
NK0g58,S2465,483,21
NK0g58,S2466,509,20
NK0g58,S2467,500,22
NK0g58,S2468,458,23
NK0g58,S2469,480,16
NK0g58,S2470,534,17
NK0g58,S2471,515,10
NK0g58,S2472,461,17
NK0g58,S2473,498,15
NK0g58,S2474,486,19
NK0g59,S2475,484,17
NK0g59,S2476,451,27
NK0g59,S2477,478,14
NK0g59,S2478,517,25
NK0g59,S2479,511,11
NK0g59,S2480,482,19
NK0g59,S2481,464,21
NK0g59,S2482,474,13
NK0g59,S2483,567,19
NK0g59,S2484,498,9
NK0g59,S2485,533,15
NK0g59,S2486,514,21
NK0g59,S2487,515,23
NK0g59,S2488,487,30
NK0g59,S2489,446,26
NK0g59,S2490,548,21
NK0g59,S2491,535,16
NK0g59,S2492,465,20
NK0g59,S2493,452,15
NK0g59,S2494,518,21
NK0g59,S2495,479,24
NK0g59,S2496,567,25
NK0g59,S2497,462,22
NK0g59,S2498,525,15
NK0g59,S2499,526,23
NK0g59,S2500,481,19
NK0g59,S2501,492,28
NK0g59,S2502,495,22
NK0g59,S2503,459,17
NK0g59,S2504,449,24
NK0g59,S2505,489,11
NK0g59,S2506,447,25
NK0g59,S2507,531,21
NK0g59,S2508,502,21
NK0g59,S2509,498,21
NK0g59,S2510,468,14
NK0g59,S2511,470,4
NK0g59,S2512,479,24
NK0g59,S2513,524,10
NK0g59,S2514,451,18
NK0g60,S2515,495,21
NK0g60,S2516,508,20
NK0g60,S2517,506,24
NK0g60,S2518,515,33
NK0g60,S2519,535,11
NK0g60,S2520,520,19
NK0g60,S2521,486,19
NK0g60,S2522,509,28
NK0g60,S2523,489,20
NK0g60,S2524,477,27
NK0g60,S2525,497,16
NK0g60,S2526,517,20
NK0g60,S2527,483,22
NK0g60,S2528,504,15
NK0g60,S2529,445,23
NK0g60,S2530,528,24
NK0g60,S2531,474,18
NK0g60,S2532,544,10
NK0g60,S2533,490,16
NK0g60,S2534,487,16
NK0g60,S2535,497,19
NK0g60,S2536,471,21
NK0g60,S2537,481,16
NK0g60,S2538,494,12
NK0g60,S2539,478,9
NK0g60,S2540,524,19
NK0g60,S2541,445,18
NK0g60,S2542,474,14
NK0g60,S2543,496,11
NK0g60,S2544,494,14
NK0g60,S2545,496,22
NK0g60,S2546,484,13
NK0g60,S2547,450,21
NK0g60,S2548,577,25
NK0g60,S2549,502,14
NK0g60,S2550,478,18
NK0g60,S2551,550,29
NK0g60,S2552,512,22
NK0g60,S2553,496,22
NK0g60,S2554,519,19
NK0g60,S2555,479,21
NK0g61,S2556,526,21
NK0g61,S2557,497,18
NK0g61,S2558,490,15
NK0g61,S2559,501,21
NK0g61,S2560,467,22
NK0g61,S2561,485,25
NK0g61,S2562,480,24
NK0g61,S2563,478,21
NK0g61,S2564,496,19
NK0g61,S2565,521,25
NK0g61,S2566,495,20
NK0g61,S2567,517,24
NK0g61,S2568,478,15
NK0g61,S2569,529,16
NK0g61,S2570,528,27
NK0g61,S2571,510,14
NK0g61,S2572,509,24
NK0g61,S2573,424,13
NK0g61,S2574,504,18
NK0g61,S2575,531,16
NK0g61,S2576,534,17
NK0g61,S2577,549,17
NK0g61,S2578,469,15
NK0g61,S2579,506,23
NK0g61,S2580,583,22
NK0g61,S2581,495,11
NK0g61,S2582,502,19
NK0g61,S2583,477,29
NK0g61,S2584,518,18
NK0g61,S2585,542,13
NK0g61,S2586,535,26
NK0g61,S2587,522,23
NK0g61,S2588,536,26
NK0g61,S2589,442,25
NK0g61,S2590,474,7
NK0g61,S2591,536,25
NK0g61,S2592,496,17
NK0g61,S2593,510,27
NK0g61,S2594,504,15
NK0g61,S2595,490,10
NK0g61,S2596,462,26
NK0g61,S2597,474,22
NK0g61,S2598,448,16
NK0g62,S2599,517,28
NK0g62,S2600,478,23
NK0g62,S2601,541,19
NK0g62,S2602,522,23
NK0g62,S2603,459,23
NK0g62,S2604,504,21
NK0g62,S2605,558,19
NK0g62,S2606,467,12
NK0g62,S2607,536,16
NK0g62,S2608,513,15
NK0g62,S2609,528,19
NK0g62,S2610,497,18
NK0g62,S2611,527,24
NK0g62,S2612,536,18
NK0g62,S2613,550,24
NK0g62,S2614,520,21
NK0g62,S2615,525,23
NK0g62,S2616,507,12
NK0g62,S2617,473,22
NK0g62,S2618,531,21
NK0g62,S2619,500,20
NK0g62,S2620,527,12
NK0g62,S2621,454,21
NK0g62,S2622,503,33
NK0g62,S2623,487,19
NK0g62,S2624,498,19
NK0g62,S2625,501,21
NK0g62,S2626,440,22
NK0g62,S2627,487,14
NK0g62,S2628,524,16
NK0g62,S2629,513,15
NK0g62,S2630,474,13
NK0g62,S2631,446,23
NK0g62,S2632,478,22
NK0g62,S2633,505,12
NK0g62,S2634,490,24
NK0g62,S2635,484,24
NK0g62,S2636,484,20
NK0g62,S2637,587,22
NK0g62,S2638,498,17
NK0g62,S2639,535,18
NK0g62,S2640,527,20
NK0g63,S2641,468,19
NK0g63,S2642,554,13
NK0g63,S2643,485,10
NK0g63,S2644,480,21
NK0g63,S2645,489,25
NK0g63,S2646,488,23
NK0g63,S2647,559,29
NK0g63,S2648,495,23
NK0g63,S2649,515,22
NK0g63,S2650,502,24
NK0g63,S2651,555,15
NK0g63,S2652,486,14
NK0g63,S2653,553,15
NK0g63,S2654,478,23
NK0g63,S2655,435,21
NK0g63,S2656,553,23
NK0g63,S2657,477,21
NK0g63,S2658,546,27
NK0g63,S2659,455,23
NK0g63,S2660,491,28
NK0g63,S2661,501,23
NK0g63,S2662,447,19
NK0g63,S2663,527,17
NK0g63,S2664,461,7
NK0g63,S2665,517,19
NK0g63,S2666,496,22
NK0g63,S2667,548,25
NK0g63,S2668,540,24
NK0g63,S2669,539,26
NK0g63,S2670,518,12
NK0g63,S2671,518,25
NK0g63,S2672,528,24
NK0g63,S2673,503,21
NK0g63,S2674,439,18
NK0g63,S2675,490,28
NK0g63,S2676,525,14
NK0g63,S2677,480,15
NK0g63,S2678,499,23
NK0g63,S2679,467,5
NK0g63,S2680,469,16
NK0g63,S2681,509,24
NK0g63,S2682,496,14
NK0g63,S2683,524,17
NK0g63,S2684,468,21
NK0g63,S2685,498,23
NK0g64,S2686,518,23
NK0g64,S2687,495,25
NK0g64,S2688,521,17
NK0g64,S2689,507,15
NK0g64,S2690,493,19
NK0g64,S2691,476,13
NK0g64,S2692,425,20
NK0g64,S2693,496,20
NK0g64,S2694,497,21
NK0g64,S2695,433,21
NK0g64,S2696,530,16
NK0g64,S2697,482,20
NK0g64,S2698,491,16
NK0g64,S2699,513,19
NK0g64,S2700,436,20
NK0g64,S2701,509,20
NK0g64,S2702,485,24
NK0g64,S2703,500,21
NK0g64,S2704,482,21
NK0g64,S2705,442,17
NK0g64,S2706,489,21
NK0g64,S2707,450,28
NK0g64,S2708,501,22
NK0g64,S2709,454,23
NK0g64,S2710,474,22
NK0g64,S2711,504,19
NK0g64,S2712,480,24
NK0g64,S2713,469,19
NK0g64,S2714,514,22
NK0g64,S2715,508,14
NK0g64,S2716,549,20
NK0g64,S2717,474,26
NK0g64,S2718,470,25
NK0g64,S2719,491,24
NK0g64,S2720,498,14
NK0g64,S2721,522,19
NK0g64,S2722,507,17
NK0g64,S2723,503,18
NK0g64,S2724,527,14
NK0g64,S2725,475,23
NK0g64,S2726,508,22
NK0g64,S2727,538,15
NK0g64,S2728,485,20
NK0g64,S2729,465,26
NK0g65,S2730,509,14
NK0g65,S2731,540,27
NK0g65,S2732,496,30
NK0g65,S2733,535,16
NK0g65,S2734,467,22
NK0g65,S2735,487,15
NK0g65,S2736,527,27
NK0g65,S2737,466,15
NK0g65,S2738,460,23
NK0g65,S2739,464,15
NK0g65,S2740,537,15
NK0g65,S2741,539,19
NK0g65,S2742,479,5
NK0g65,S2743,464,22
NK0g65,S2744,506,16
NK0g65,S2745,517,21
NK0g65,S2746,559,13
NK0g65,S2747,516,19
NK0g65,S2748,458,16
NK0g65,S2749,507,18
NK0g65,S2750,510,22
NK0g65,S2751,526,25
NK0g65,S2752,515,6
NK0g65,S2753,475,22
NK0g65,S2754,505,22
NK0g65,S2755,539,19
NK0g65,S2756,567,28
NK0g65,S2757,533,17
NK0g65,S2758,492,24
NK0g65,S2759,531,21
NK0g65,S2760,523,21
NK0g65,S2761,482,19
NK0g65,S2762,502,14
NK0g65,S2763,516,25
NK0g65,S2764,484,12
NK0g65,S2765,519,24
NK0g65,S2766,558,21
NK0g65,S2767,509,11
NK0g65,S2768,496,15
NK0g65,S2769,580,18
NK0g65,S2770,512,19
NK0g66,S2771,587,15
NK0g66,S2772,527,32
NK0g66,S2773,494,13
NK0g66,S2774,476,19
NK0g66,S2775,524,18
NK0g66,S2776,481,24
NK0g66,S2777,466,16
NK0g66,S2778,516,17
NK0g66,S2779,510,21
NK0g66,S2780,511,17
NK0g66,S2781,521,24
NK0g66,S2782,479,18
NK0g66,S2783,498,24
NK0g66,S2784,544,19
NK0g66,S2785,515,7
NK0g66,S2786,458,25
NK0g66,S2787,474,19
NK0g66,S2788,550,20
NK0g66,S2789,520,24
NK0g66,S2790,448,20
NK0g66,S2791,508,22
NK0g66,S2792,521,20
NK0g66,S2793,513,22
NK0g66,S2794,510,18
NK0g66,S2795,510,18
NK0g66,S2796,530,21
NK0g66,S2797,489,20
NK0g66,S2798,445,27
NK0g66,S2799,513,30
NK0g66,S2800,498,19
NK0g66,S2801,492,26
NK0g66,S2802,475,16
NK0g66,S2803,583,18
NK0g66,S2804,510,14
NK0g66,S2805,476,19
NK0g66,S2806,554,9
NK0g66,S2807,494,23
NK0g66,S2808,447,18
NK0g66,S2809,463,12
NK0g66,S2810,522,13
NK0g66,S2811,460,13
NK0g66,S2812,499,24
NK0g66,S2813,449,19
NK0g66,S2814,560,25
NK0g66,S2815,433,18
NK0g67,S2816,518,21
NK0g67,S2817,540,26
NK0g67,S2818,488,30
NK0g67,S2819,481,18
NK0g67,S2820,560,21
NK0g67,S2821,454,27
NK0g67,S2822,521,23
NK0g67,S2823,545,12
NK0g67,S2824,526,22
NK0g67,S2825,482,22
NK0g67,S2826,489,30
NK0g67,S2827,492,21
NK0g67,S2828,455,27
NK0g67,S2829,469,18
NK0g67,S2830,468,22
NK0g67,S2831,480,25
NK0g67,S2832,523,15
NK0g67,S2833,526,17
NK0g67,S2834,508,24
NK0g67,S2835,498,22
NK0g67,S2836,496,20
NK0g67,S2837,535,26
NK0g67,S2838,462,16
NK0g67,S2839,440,12
NK0g67,S2840,524,17
NK0g67,S2841,450,25
NK0g67,S2842,445,15
NK0g67,S2843,448,22
NK0g67,S2844,519,21
NK0g67,S2845,524,23
NK0g67,S2846,495,18
NK0g67,S2847,439,20
NK0g67,S2848,518,20
NK0g67,S2849,552,18
NK0g67,S2850,514,17
NK0g67,S2851,507,23
NK0g67,S2852,502,26
NK0g67,S2853,474,15
NK0g67,S2854,517,13
NK0g67,S2855,454,17
NK0g67,S2856,562,28
NK0g68,S2857,478,20
NK0g68,S2858,481,16
NK0g68,S2859,526,17
NK0g68,S2860,513,25
NK0g68,S2861,481,19
NK0g68,S2862,537,16
NK0g68,S2863,546,12
NK0g68,S2864,592,25
NK0g68,S2865,477,18
NK0g68,S2866,470,30
NK0g68,S2867,510,20
NK0g68,S2868,500,18
NK0g68,S2869,513,24
NK0g68,S2870,495,24
NK0g68,S2871,489,16
NK0g68,S2872,452,17
NK0g68,S2873,541,15
NK0g68,S2874,544,11
NK0g68,S2875,520,17
NK0g68,S2876,464,25
NK0g68,S2877,537,22
NK0g68,S2878,467,15
NK0g68,S2879,533,18
NK0g68,S2880,462,21
NK0g68,S2881,509,13
NK0g68,S2882,512,19
NK0g68,S2883,470,20
NK0g68,S2884,494,9
NK0g68,S2885,509,18
NK0g68,S2886,475,13
NK0g68,S2887,492,14
NK0g68,S2888,485,25
NK0g68,S2889,505,17
NK0g68,S2890,461,23
NK0g68,S2891,495,19
NK0g68,S2892,471,25
NK0g68,S2893,515,28
NK0g68,S2894,416,20
NK0g68,S2895,456,26
NK0g68,S2896,513,18
NK0g68,S2897,536,20
NK0g68,S2898,459,16
NK0g68,S2899,484,27
NK0g68,S2900,529,16
NK0g69,S2901,500,11
NK0g69,S2902,490,24
NK0g69,S2903,422,23
NK0g69,S2904,478,24
NK0g69,S2905,507,20
NK0g69,S2906,499,24
NK0g69,S2907,481,15
NK0g69,S2908,562,18
NK0g69,S2909,514,20
NK0g69,S2910,490,20
NK0g69,S2911,523,26
NK0g69,S2912,545,18
NK0g69,S2913,505,17
NK0g69,S2914,458,15
NK0g69,S2915,484,17
NK0g69,S2916,517,21
NK0g69,S2917,486,12
NK0g69,S2918,520,25
NK0g69,S2919,488,20
NK0g69,S2920,450,22
NK0g69,S2921,461,21
NK0g69,S2922,555,23
NK0g69,S2923,433,20
NK0g69,S2924,516,24
NK0g69,S2925,523,19
NK0g69,S2926,489,22
NK0g69,S2927,556,26
NK0g69,S2928,468,13
NK0g69,S2929,501,24
NK0g69,S2930,500,18
NK0g69,S2931,513,25
NK0g69,S2932,546,21
NK0g69,S2933,525,18
NK0g69,S2934,487,18
NK0g69,S2935,515,26
NK0g69,S2936,545,26
NK0g69,S2937,512,23
NK0g69,S2938,579,21
NK0g69,S2939,447,15
NK0g69,S2940,491,14
NK0g69,S2941,490,14
NK0g70,S2942,539,16
NK0g70,S2943,472,20
NK0g70,S2944,507,22
NK0g70,S2945,512,21
NK0g70,S2946,516,12
NK0g70,S2947,515,20
NK0g70,S2948,480,13
NK0g70,S2949,522,22
NK0g70,S2950,479,19
NK0g70,S2951,481,15
NK0g70,S2952,501,22
NK0g70,S2953,552,27
NK0g70,S2954,518,15
NK0g70,S2955,532,30
NK0g70,S2956,483,19
NK0g70,S2957,463,27
NK0g70,S2958,553,6
NK0g70,S2959,513,18
NK0g70,S2960,484,17
NK0g70,S2961,481,14
NK0g70,S2962,526,17
NK0g70,S2963,523,21
NK0g70,S2964,506,13
NK0g70,S2965,488,15
NK0g70,S2966,455,16
NK0g70,S2967,525,18
NK0g70,S2968,480,9
NK0g70,S2969,508,22
NK0g70,S2970,471,21
NK0g70,S2971,487,20
NK0g70,S2972,558,16
NK0g70,S2973,482,22
NK0g70,S2974,504,23
NK0g70,S2975,525,22
NK0g70,S2976,536,24
NK0g70,S2977,494,14
NK0g70,S2978,480,23
NK0g70,S2979,422,19
NK0g70,S2980,545,26
NK0g70,S2981,468,26
NK0g71,S2982,548,26
NK0g71,S2983,502,16
NK0g71,S2984,467,21
NK0g71,S2985,546,19
NK0g71,S2986,466,19
NK0g71,S2987,510,19
NK0g71,S2988,494,20
NK0g71,S2989,452,21
NK0g71,S2990,476,21
NK0g71,S2991,435,22
NK0g71,S2992,479,13
NK0g71,S2993,544,17
NK0g71,S2994,443,19
NK0g71,S2995,490,17
NK0g71,S2996,508,16
NK0g71,S2997,519,17
NK0g71,S2998,512,24
NK0g71,S2999,521,14
NK0g71,S3000,494,21
NK0g71,S3001,520,32
NK0g71,S3002,503,23
NK0g71,S3003,488,17
NK0g71,S3004,502,20
NK0g71,S3005,566,22
NK0g71,S3006,495,13
NK0g71,S3007,465,27
NK0g71,S3008,531,13
NK0g71,S3009,540,15
NK0g71,S3010,464,20
NK0g71,S3011,517,21
NK0g71,S3012,483,18
NK0g71,S3013,530,24
NK0g71,S3014,471,20
NK0g71,S3015,465,29
NK0g71,S3016,464,13
NK0g71,S3017,555,19
NK0g71,S3018,494,21
NK0g71,S3019,522,14
NK0g71,S3020,520,18
NK0g71,S3021,487,13
NK0g72,S3022,547,14
NK0g72,S3023,551,24
NK0g72,S3024,526,26
NK0g72,S3025,504,17
NK0g72,S3026,507,17
NK0g72,S3027,495,16
NK0g72,S3028,507,22
NK0g72,S3029,544,19
NK0g72,S3030,485,22
NK0g72,S3031,482,19
NK0g72,S3032,492,14
NK0g72,S3033,521,12
NK0g72,S3034,480,28
NK0g72,S3035,449,22
NK0g72,S3036,506,16
NK0g72,S3037,502,20
NK0g72,S3038,545,22
NK0g72,S3039,561,14
NK0g72,S3040,487,20
NK0g72,S3041,490,20
NK0g72,S3042,553,24
NK0g72,S3043,528,19
NK0g72,S3044,464,25
NK0g72,S3045,533,24
NK0g72,S3046,455,24
NK0g72,S3047,536,12
NK0g72,S3048,529,33
NK0g72,S3049,480,20
NK0g72,S3050,514,24
NK0g72,S3051,501,19
NK0g72,S3052,536,19
NK0g72,S3053,516,22
NK0g72,S3054,506,15
NK0g72,S3055,541,12
NK0g72,S3056,512,18
NK0g72,S3057,507,26
NK0g72,S3058,495,19
NK0g72,S3059,530,15
NK0g72,S3060,483,11
NK0g72,S3061,500,20
NK0g72,S3062,495,20
NK0g72,S3063,455,12
NK0g72,S3064,467,12
NK0g72,S3065,475,22
NK0g73,S3066,472,8
NK0g73,S3067,489,28
NK0g73,S3068,472,13
NK0g73,S3069,499,22
NK0g73,S3070,522,25
NK0g73,S3071,542,20
NK0g73,S3072,548,29
NK0g73,S3073,497,21
NK0g73,S3074,504,21
NK0g73,S3075,533,17
NK0g73,S3076,511,22
NK0g73,S3077,537,21
NK0g73,S3078,506,17
NK0g73,S3079,467,20
NK0g73,S3080,511,21
NK0g73,S3081,552,14
NK0g73,S3082,514,20
NK0g73,S3083,510,20
NK0g73,S3084,495,19
NK0g73,S3085,499,21
NK0g73,S3086,514,26
NK0g73,S3087,501,18
NK0g73,S3088,533,14
NK0g73,S3089,481,13
NK0g73,S3090,485,24
NK0g73,S3091,520,15
NK0g73,S3092,454,24
NK0g73,S3093,486,16
NK0g73,S3094,495,20
NK0g73,S3095,519,18
NK0g73,S3096,476,24
NK0g73,S3097,491,21
NK0g73,S3098,505,29
NK0g73,S3099,520,27
NK0g73,S3100,518,10
NK0g73,S3101,463,17
NK0g73,S3102,484,15
NK0g73,S3103,508,23
NK0g73,S3104,537,26
NK0g73,S3105,472,18
NK0g73,S3106,549,19
NK0g73,S3107,525,28
NK0g73,S3108,455,18
NK0g73,S3109,517,20
NK0g73,S3110,522,13
NK0g74,S3111,460,19
NK0g74,S3112,494,15
NK0g74,S3113,533,18
NK0g74,S3114,525,21
NK0g74,S3115,461,23
NK0g74,S3116,486,17
NK0g74,S3117,471,19
NK0g74,S3118,526,23
NK0g74,S3119,515,12
NK0g74,S3120,498,21
NK0g74,S3121,446,19
NK0g74,S3122,426,7
NK0g74,S3123,448,24
NK0g74,S3124,510,23
NK0g74,S3125,496,25
NK0g74,S3126,507,16
NK0g74,S3127,476,27
NK0g74,S3128,478,14
NK0g74,S3129,538,17
NK0g74,S3130,499,19
NK0g74,S3131,512,19
NK0g74,S3132,527,18
NK0g74,S3133,475,21
NK0g74,S3134,468,21
NK0g74,S3135,511,8
NK0g74,S3136,470,19
NK0g74,S3137,490,13
NK0g74,S3138,495,15
NK0g74,S3139,555,9
NK0g74,S3140,526,26
NK0g74,S3141,536,24
NK0g74,S3142,488,19
NK0g74,S3143,473,20
NK0g74,S3144,544,20
NK0g74,S3145,479,15
NK0g74,S3146,496,22
NK0g74,S3147,451,18
NK0g74,S3148,520,22
NK0g74,S3149,513,18
NK0g74,S3150,520,21
NK0g75,S3151,505,20
NK0g75,S3152,507,22
NK0g75,S3153,484,20
NK0g75,S3154,478,19
NK0g75,S3155,578,17
NK0g75,S3156,472,19
NK0g75,S3157,593,25
NK0g75,S3158,540,22
NK0g75,S3159,512,21
NK0g75,S3160,480,20
NK0g75,S3161,444,16
NK0g75,S3162,481,26
NK0g75,S3163,466,18
NK0g75,S3164,461,27
NK0g75,S3165,538,16
NK0g75,S3166,518,27
NK0g75,S3167,541,24
NK0g75,S3168,500,27
NK0g75,S3169,478,20
NK0g75,S3170,518,18
NK0g75,S3171,483,15
NK0g75,S3172,483,20
NK0g75,S3173,471,20
NK0g75,S3174,485,24
NK0g75,S3175,543,21
NK0g75,S3176,493,27
NK0g75,S3177,489,26
NK0g75,S3178,597,24
NK0g75,S3179,494,19
NK0g75,S3180,532,30
NK0g75,S3181,464,21
NK0g75,S3182,487,28
NK0g75,S3183,478,15
NK0g75,S3184,493,13
NK0g75,S3185,474,24
NK0g75,S3186,487,33
NK0g75,S3187,494,25
NK0g75,S3188,462,10
NK0g75,S3189,473,16
NK0g75,S3190,486,15
NK0g76,S3191,504,27
NK0g76,S3192,518,17
NK0g76,S3193,509,23
NK0g76,S3194,518,19
NK0g76,S3195,499,14
NK0g76,S3196,534,20
NK0g76,S3197,467,17
NK0g76,S3198,494,8
NK0g76,S3199,481,23
NK0g76,S3200,432,13
NK0g76,S3201,516,19
NK0g76,S3202,515,21
NK0g76,S3203,500,20
NK0g76,S3204,454,30
NK0g76,S3205,535,18
NK0g76,S3206,496,21
NK0g76,S3207,539,19
NK0g76,S3208,550,28
NK0g76,S3209,451,25
NK0g76,S3210,474,22
NK0g76,S3211,488,21
NK0g76,S3212,496,20
NK0g76,S3213,501,17
NK0g76,S3214,514,25
NK0g76,S3215,459,22
NK0g76,S3216,564,22
NK0g76,S3217,424,11
NK0g76,S3218,491,11
NK0g76,S3219,487,17
NK0g76,S3220,521,21
NK0g76,S3221,439,26
NK0g76,S3222,526,22
NK0g76,S3223,506,22
NK0g76,S3224,514,20
NK0g76,S3225,521,11
NK0g76,S3226,499,26
NK0g76,S3227,448,18
NK0g76,S3228,523,15
NK0g76,S3229,449,17
NK0g76,S3230,535,36
NK0g77,S3231,514,13
NK0g77,S3232,507,22
NK0g77,S3233,507,17
NK0g77,S3234,474,19
NK0g77,S3235,509,21
NK0g77,S3236,500,14
NK0g77,S3237,505,20
NK0g77,S3238,508,21
NK0g77,S3239,516,20
NK0g77,S3240,464,17
NK0g77,S3241,528,16
NK0g77,S3242,512,29
NK0g77,S3243,460,16
NK0g77,S3244,514,24
NK0g77,S3245,494,18
NK0g77,S3246,482,22
NK0g77,S3247,500,29
NK0g77,S3248,503,24
NK0g77,S3249,518,11
NK0g77,S3250,455,28
NK0g77,S3251,472,24
NK0g77,S3252,474,13
NK0g77,S3253,517,17
NK0g77,S3254,471,21
NK0g77,S3255,516,19
NK0g77,S3256,540,18
NK0g77,S3257,493,33
NK0g77,S3258,501,25
NK0g77,S3259,499,22
NK0g77,S3260,524,11
NK0g77,S3261,538,23
NK0g77,S3262,468,15
NK0g77,S3263,482,20
NK0g77,S3264,535,17
NK0g77,S3265,504,18
NK0g77,S3266,474,22
NK0g77,S3267,549,20
NK0g77,S3268,505,19
NK0g77,S3269,523,16
NK0g77,S3270,557,16
NK0g77,S3271,472,17
NK0g77,S3272,502,20
NK0g77,S3273,540,19
NK0g77,S3274,527,24
NK0g77,S3275,556,19
NK0g78,S3276,489,20
NK0g78,S3277,513,17
NK0g78,S3278,505,18
NK0g78,S3279,442,21
NK0g78,S3280,493,25
NK0g78,S3281,510,17
NK0g78,S3282,468,24
NK0g78,S3283,477,13
NK0g78,S3284,520,29
NK0g78,S3285,515,17
NK0g78,S3286,505,8
NK0g78,S3287,490,21
NK0g78,S3288,539,24
NK0g78,S3289,501,29
NK0g78,S3290,536,19
NK0g78,S3291,419,19
NK0g78,S3292,469,20
NK0g78,S3293,516,16
NK0g78,S3294,503,22
NK0g78,S3295,497,13
NK0g78,S3296,499,27
NK0g78,S3297,534,21
NK0g78,S3298,480,21
NK0g78,S3299,501,33
NK0g78,S3300,512,19
NK0g78,S3301,420,18
NK0g78,S3302,507,15
NK0g78,S3303,527,23
NK0g78,S3304,554,27
NK0g78,S3305,505,18
NK0g78,S3306,538,18
NK0g78,S3307,495,12
NK0g78,S3308,528,16
NK0g78,S3309,457,15
NK0g78,S3310,513,21
NK0g78,S3311,504,20
NK0g78,S3312,479,17
NK0g78,S3313,468,21
NK0g78,S3314,541,17
NK0g78,S3315,518,14
NK0g78,S3316,520,20
NK0g78,S3317,548,25
NK0g78,S3318,457,22
NK0g78,S3319,506,19
NK0g79,S3320,472,22
NK0g79,S3321,549,18
NK0g79,S3322,498,15
NK0g79,S3323,496,18
NK0g79,S3324,530,13
NK0g79,S3325,496,22
NK0g79,S3326,541,12
NK0g79,S3327,410,20
NK0g79,S3328,510,26
NK0g79,S3329,518,21
NK0g79,S3330,456,31
NK0g79,S3331,519,24
NK0g79,S3332,456,30
NK0g79,S3333,562,12
NK0g79,S3334,510,34
NK0g79,S3335,496,21
NK0g79,S3336,501,16
NK0g79,S3337,545,15
NK0g79,S3338,526,20
NK0g79,S3339,485,16
NK0g79,S3340,521,16
NK0g79,S3341,497,22
NK0g79,S3342,534,23
NK0g79,S3343,495,16
NK0g79,S3344,496,22
NK0g79,S3345,568,18
NK0g79,S3346,525,21
NK0g79,S3347,472,10
NK0g79,S3348,470,22
NK0g79,S3349,480,31
NK0g79,S3350,529,25
NK0g79,S3351,529,22
NK0g79,S3352,468,11
NK0g79,S3353,489,25
NK0g79,S3354,546,21
NK0g79,S3355,470,16
NK0g79,S3356,557,32
NK0g79,S3357,424,26
NK0g79,S3358,522,21
NK0g79,S3359,503,21
NK0g79,S3360,560,20
NK0g79,S3361,508,16
NK0g80,S3362,504,24
NK0g80,S3363,471,11
NK0g80,S3364,514,10
NK0g80,S3365,506,24
NK0g80,S3366,481,18
NK0g80,S3367,474,13
NK0g80,S3368,494,12
NK0g80,S3369,515,17
NK0g80,S3370,511,19
NK0g80,S3371,473,13
NK0g80,S3372,524,24
NK0g80,S3373,561,20
NK0g80,S3374,488,20
NK0g80,S3375,504,23
NK0g80,S3376,496,14
NK0g80,S3377,458,22
NK0g80,S3378,464,14
NK0g80,S3379,497,20
NK0g80,S3380,489,19
NK0g80,S3381,518,20
NK0g80,S3382,510,20
NK0g80,S3383,513,18
NK0g80,S3384,468,25
NK0g80,S3385,484,19
NK0g80,S3386,533,21
NK0g80,S3387,473,18
NK0g80,S3388,442,14
NK0g80,S3389,470,20
NK0g80,S3390,480,21
NK0g80,S3391,427,14
NK0g80,S3392,422,23
NK0g80,S3393,517,32
NK0g80,S3394,454,17
NK0g80,S3395,487,18
NK0g80,S3396,507,23
NK0g80,S3397,474,17
NK0g80,S3398,492,24
NK0g80,S3399,483,22
NK0g80,S3400,557,24
NK0g80,S3401,485,19
NK0g80,S3402,472,18
NK0g80,S3403,496,11
NK0g80,S3404,519,11
NK0g80,S3405,488,20
NK0g80,S3406,469,23
NK0g81,S3407,551,14
NK0g81,S3408,437,21
NK0g81,S3409,445,12
NK0g81,S3410,498,23
NK0g81,S3411,544,14
NK0g81,S3412,452,24
NK0g81,S3413,488,14
NK0g81,S3414,484,17
NK0g81,S3415,530,27
NK0g81,S3416,510,10
NK0g81,S3417,442,17
NK0g81,S3418,464,24
NK0g81,S3419,480,15
NK0g81,S3420,494,14
NK0g81,S3421,505,19
NK0g81,S3422,544,19
NK0g81,S3423,525,18
NK0g81,S3424,561,23
NK0g81,S3425,474,8
NK0g81,S3426,473,24
NK0g81,S3427,501,22
NK0g81,S3428,486,29
NK0g81,S3429,531,26
NK0g81,S3430,485,23
NK0g81,S3431,544,16
NK0g81,S3432,486,17
NK0g81,S3433,479,25
NK0g81,S3434,504,25
NK0g81,S3435,544,17
NK0g81,S3436,487,21
NK0g81,S3437,543,23
NK0g81,S3438,470,16
NK0g81,S3439,496,17
NK0g81,S3440,504,12
NK0g81,S3441,469,16
NK0g81,S3442,505,15
NK0g81,S3443,462,29
NK0g81,S3444,486,19
NK0g81,S3445,498,13
NK0g81,S3446,529,10
NK0g81,S3447,488,13
NK0g81,S3448,521,24
NK0g81,S3449,545,19
NK0g82,S3450,511,14
NK0g82,S3451,503,26
NK0g82,S3452,526,21
NK0g82,S3453,444,15
NK0g82,S3454,466,14
NK0g82,S3455,486,20
NK0g82,S3456,496,13
NK0g82,S3457,509,29
NK0g82,S3458,475,19
NK0g82,S3459,455,21
NK0g82,S3460,461,16
NK0g82,S3461,534,20
NK0g82,S3462,511,30
NK0g82,S3463,514,18
NK0g82,S3464,494,16
NK0g82,S3465,488,23
NK0g82,S3466,508,22
NK0g82,S3467,474,20
NK0g82,S3468,511,20
NK0g82,S3469,471,22
NK0g82,S3470,519,11
NK0g82,S3471,555,16
NK0g82,S3472,512,21
NK0g82,S3473,524,18
NK0g82,S3474,492,17
NK0g82,S3475,471,14
NK0g82,S3476,526,21
NK0g82,S3477,525,25
NK0g82,S3478,502,20
NK0g82,S3479,480,22
NK0g82,S3480,535,20
NK0g82,S3481,534,17
NK0g82,S3482,502,25
NK0g82,S3483,474,7
NK0g82,S3484,526,25
NK0g82,S3485,510,26
NK0g82,S3486,453,22
NK0g82,S3487,502,17
NK0g82,S3488,515,14
NK0g82,S3489,533,12
NK0g83,S3490,536,16
NK0g83,S3491,536,15
NK0g83,S3492,433,19
NK0g83,S3493,516,17
NK0g83,S3494,507,23
NK0g83,S3495,558,23
NK0g83,S3496,508,11
NK0g83,S3497,533,22
NK0g83,S3498,430,17
NK0g83,S3499,508,18
NK0g83,S3500,494,23
NK0g83,S3501,495,17
NK0g83,S3502,486,18
NK0g83,S3503,526,18
NK0g83,S3504,489,24
NK0g83,S3505,496,23
NK0g83,S3506,499,20
NK0g83,S3507,494,14
NK0g83,S3508,495,19
NK0g83,S3509,473,26
NK0g83,S3510,470,16
NK0g83,S3511,497,26
NK0g83,S3512,485,17
NK0g83,S3513,474,20
NK0g83,S3514,485,19
NK0g83,S3515,546,32
NK0g83,S3516,483,18
NK0g83,S3517,498,13
NK0g83,S3518,457,21
NK0g83,S3519,464,24
NK0g83,S3520,563,21
NK0g83,S3521,549,21
NK0g83,S3522,524,14
NK0g83,S3523,521,23
NK0g83,S3524,473,18
NK0g83,S3525,543,20
NK0g83,S3526,487,13
NK0g83,S3527,449,25
NK0g83,S3528,488,12
NK0g83,S3529,509,20
NK0g83,S3530,498,19
NK0g83,S3531,518,13
NK0g84,S3532,452,17
NK0g84,S3533,463,23
NK0g84,S3534,548,22
NK0g84,S3535,485,12
NK0g84,S3536,495,25
NK0g84,S3537,518,20
NK0g84,S3538,488,23
NK0g84,S3539,511,16
NK0g84,S3540,476,23
NK0g84,S3541,466,18
NK0g84,S3542,481,29
NK0g84,S3543,509,12
NK0g84,S3544,496,14
NK0g84,S3545,520,25
NK0g84,S3546,520,19
NK0g84,S3547,495,14
NK0g84,S3548,523,14
NK0g84,S3549,533,24
NK0g84,S3550,544,20
NK0g84,S3551,508,19
NK0g84,S3552,537,22
NK0g84,S3553,525,22
NK0g84,S3554,516,23
NK0g84,S3555,534,16
NK0g84,S3556,502,18
NK0g84,S3557,467,25
NK0g84,S3558,524,17
NK0g84,S3559,491,17
NK0g84,S3560,481,17
NK0g84,S3561,509,20
NK0g84,S3562,549,18
NK0g84,S3563,524,16
NK0g84,S3564,476,17
NK0g84,S3565,459,18
NK0g84,S3566,505,18
NK0g84,S3567,496,28
NK0g84,S3568,528,17
NK0g84,S3569,504,8
NK0g84,S3570,510,13
NK0g84,S3571,536,26
NK0g84,S3572,484,31
NK0g84,S3573,467,27
NK0g85,S3574,443,27
NK0g85,S3575,499,20
NK0g85,S3576,487,21
NK0g85,S3577,526,27
NK0g85,S3578,515,20
NK0g85,S3579,544,26
NK0g85,S3580,482,28
NK0g85,S3581,522,28
NK0g85,S3582,461,26
NK0g85,S3583,541,24
NK0g85,S3584,526,20
NK0g85,S3585,424,18
NK0g85,S3586,519,21
NK0g85,S3587,490,23
NK0g85,S3588,528,29
NK0g85,S3589,495,16
NK0g85,S3590,526,18
NK0g85,S3591,482,12
NK0g85,S3592,506,27
NK0g85,S3593,533,10
NK0g85,S3594,497,9
NK0g85,S3595,466,29
NK0g85,S3596,479,21
NK0g85,S3597,512,16
NK0g85,S3598,509,19
NK0g85,S3599,469,14
NK0g85,S3600,581,20
NK0g85,S3601,473,14
NK0g85,S3602,523,18
NK0g85,S3603,471,16
NK0g85,S3604,484,21
NK0g85,S3605,500,22
NK0g85,S3606,425,15
NK0g85,S3607,495,25
NK0g85,S3608,539,13
NK0g85,S3609,494,20
NK0g85,S3610,512,23
NK0g85,S3611,510,32
NK0g85,S3612,526,17
NK0g85,S3613,480,16
NK0g85,S3614,531,14
NK0g85,S3615,537,23
NK0g85,S3616,517,21
NK0g85,S3617,514,29
NK0g85,S3618,442,20
NK0g86,S3619,497,26
NK0g86,S3620,490,16
NK0g86,S3621,459,25
NK0g86,S3622,511,22
NK0g86,S3623,536,19
NK0g86,S3624,494,26
NK0g86,S3625,532,19
NK0g86,S3626,496,23
NK0g86,S3627,483,22
NK0g86,S3628,481,17
NK0g86,S3629,477,14
NK0g86,S3630,487,14
NK0g86,S3631,493,14
NK0g86,S3632,482,19
NK0g86,S3633,485,20
NK0g86,S3634,527,25
NK0g86,S3635,419,11
NK0g86,S3636,448,12
NK0g86,S3637,493,21
NK0g86,S3638,483,15
NK0g86,S3639,441,16
NK0g86,S3640,497,21
NK0g86,S3641,509,17
NK0g86,S3642,454,20
NK0g86,S3643,474,22
NK0g86,S3644,507,19
NK0g86,S3645,475,16
NK0g86,S3646,479,27
NK0g86,S3647,506,16
NK0g86,S3648,471,27
NK0g86,S3649,512,19
NK0g86,S3650,493,27
NK0g86,S3651,492,21
NK0g86,S3652,517,24
NK0g86,S3653,525,17
NK0g86,S3654,551,18
NK0g86,S3655,495,20
NK0g86,S3656,490,13
NK0g86,S3657,540,16
NK0g86,S3658,540,19
NK0g86,S3659,494,30
NK0g86,S3660,470,23
NK0g86,S3661,526,18
NK0g86,S3662,438,19
NK0g86,S3663,530,25
NK0g87,S3664,519,25
NK0g87,S3665,472,19
NK0g87,S3666,542,19
NK0g87,S3667,522,26
NK0g87,S3668,449,16
NK0g87,S3669,503,17
NK0g87,S3670,515,19
NK0g87,S3671,496,20
NK0g87,S3672,471,19
NK0g87,S3673,510,19
NK0g87,S3674,491,13
NK0g87,S3675,520,20
NK0g87,S3676,527,17
NK0g87,S3677,492,28
NK0g87,S3678,491,21
NK0g87,S3679,512,23
NK0g87,S3680,520,15
NK0g87,S3681,518,24
NK0g87,S3682,491,24
NK0g87,S3683,521,20
NK0g87,S3684,506,29
NK0g87,S3685,473,29
NK0g87,S3686,511,25
NK0g87,S3687,519,21
NK0g87,S3688,432,19
NK0g87,S3689,504,19
NK0g87,S3690,537,18
NK0g87,S3691,482,17
NK0g87,S3692,528,13
NK0g87,S3693,479,18
NK0g87,S3694,476,19
NK0g87,S3695,496,25
NK0g87,S3696,493,18
NK0g87,S3697,501,12
NK0g87,S3698,496,19
NK0g87,S3699,516,12
NK0g87,S3700,474,23
NK0g87,S3701,491,23
NK0g87,S3702,485,30
NK0g87,S3703,479,10
NK0g87,S3704,502,24
NK0g87,S3705,512,24
NK0g87,S3706,545,28
NK0g87,S3707,509,25
NK0g87,S3708,546,8
NK0g88,S3709,471,18
NK0g88,S3710,466,17
NK0g88,S3711,497,16
NK0g88,S3712,484,12
NK0g88,S3713,567,15
NK0g88,S3714,485,26
NK0g88,S3715,518,21
NK0g88,S3716,458,18
NK0g88,S3717,460,13
NK0g88,S3718,487,13
NK0g88,S3719,540,18
NK0g88,S3720,500,27
NK0g88,S3721,464,17
NK0g88,S3722,444,7
NK0g88,S3723,554,18
NK0g88,S3724,495,13
NK0g88,S3725,509,27
NK0g88,S3726,493,11
NK0g88,S3727,560,20
NK0g88,S3728,494,24
NK0g88,S3729,531,19
NK0g88,S3730,495,18
NK0g88,S3731,530,32
NK0g88,S3732,455,27
NK0g88,S3733,520,14
NK0g88,S3734,509,21
NK0g88,S3735,472,18
NK0g88,S3736,495,20
NK0g88,S3737,428,14
NK0g88,S3738,459,21
NK0g88,S3739,453,19
NK0g88,S3740,516,17
NK0g88,S3741,492,20
NK0g88,S3742,522,26
NK0g88,S3743,522,20
NK0g88,S3744,538,12
NK0g88,S3745,540,15
NK0g88,S3746,536,10
NK0g88,S3747,459,14
NK0g88,S3748,509,18
NK0g88,S3749,461,16
NK0g88,S3750,473,16
NK0g88,S3751,502,19
NK0g89,S3752,493,22
NK0g89,S3753,498,18
NK0g89,S3754,453,22
NK0g89,S3755,525,15
NK0g89,S3756,490,21
NK0g89,S3757,505,19
NK0g89,S3758,470,23
NK0g89,S3759,552,20
NK0g89,S3760,532,21
NK0g89,S3761,455,24
NK0g89,S3762,442,22
NK0g89,S3763,514,23
NK0g89,S3764,507,15
NK0g89,S3765,542,19
NK0g89,S3766,549,19
NK0g89,S3767,448,26
NK0g89,S3768,567,21
NK0g89,S3769,476,17
NK0g89,S3770,530,25
NK0g89,S3771,482,15
NK0g89,S3772,484,19
NK0g89,S3773,500,19
NK0g89,S3774,490,17
NK0g89,S3775,520,27
NK0g89,S3776,454,27
NK0g89,S3777,473,25
NK0g89,S3778,461,19
NK0g89,S3779,495,20
NK0g89,S3780,457,23
NK0g89,S3781,512,12
NK0g89,S3782,513,17
NK0g89,S3783,507,24
NK0g89,S3784,534,23
NK0g89,S3785,478,23
NK0g89,S3786,454,27
NK0g89,S3787,500,16
NK0g89,S3788,521,19
NK0g89,S3789,482,23
NK0g89,S3790,497,16
NK0g89,S3791,537,19
NK0g89,S3792,452,18
NK0g89,S3793,419,15
NK0g90,S3794,485,22
NK0g90,S3795,466,18
NK0g90,S3796,466,18
NK0g90,S3797,500,15
NK0g90,S3798,547,12
NK0g90,S3799,515,16
NK0g90,S3800,478,21
NK0g90,S3801,506,21
NK0g90,S3802,468,7
NK0g90,S3803,555,19
NK0g90,S3804,486,17
NK0g90,S3805,504,27
NK0g90,S3806,418,21
NK0g90,S3807,460,15
NK0g90,S3808,515,20
NK0g90,S3809,459,17
NK0g90,S3810,504,21
NK0g90,S3811,504,21
NK0g90,S3812,439,17
NK0g90,S3813,504,22
NK0g90,S3814,495,17
NK0g90,S3815,484,31
NK0g90,S3816,514,24
NK0g90,S3817,472,20
NK0g90,S3818,511,19
NK0g90,S3819,525,16
NK0g90,S3820,511,17
NK0g90,S3821,520,17
NK0g90,S3822,487,27
NK0g90,S3823,444,21
NK0g90,S3824,454,9
NK0g90,S3825,519,22
NK0g90,S3826,494,31
NK0g90,S3827,471,26
NK0g90,S3828,519,22
NK0g90,S3829,490,21
NK0g90,S3830,542,23
NK0g90,S3831,472,16
NK0g90,S3832,483,19
NK0g90,S3833,550,16
NK0g90,S3834,535,22
NK0g90,S3835,581,13
NK0g90,S3836,477,21
NK0g90,S3837,505,23
NK0g91,S3838,438,9
NK0g91,S3839,517,18
NK0g91,S3840,484,24
NK0g91,S3841,462,12
NK0g91,S3842,460,24
NK0g91,S3843,466,19
NK0g91,S3844,487,10
NK0g91,S3845,514,15
NK0g91,S3846,538,18
NK0g91,S3847,520,25
NK0g91,S3848,479,25
NK0g91,S3849,543,23
NK0g91,S3850,497,23
NK0g91,S3851,501,12
NK0g91,S3852,535,20
NK0g91,S3853,460,20
NK0g91,S3854,478,18
NK0g91,S3855,510,16
NK0g91,S3856,507,27
NK0g91,S3857,500,21
NK0g91,S3858,481,17
NK0g91,S3859,432,10
NK0g91,S3860,493,21
NK0g91,S3861,501,25
NK0g91,S3862,518,21
NK0g91,S3863,517,14
NK0g91,S3864,445,20
NK0g91,S3865,525,20
NK0g91,S3866,490,19
NK0g91,S3867,458,12
NK0g91,S3868,465,15
NK0g91,S3869,485,22
NK0g91,S3870,512,19
NK0g91,S3871,499,18
NK0g91,S3872,502,16
NK0g91,S3873,500,25
NK0g91,S3874,503,15
NK0g91,S3875,487,20
NK0g91,S3876,500,17
NK0g91,S3877,524,22
NK0g91,S3878,500,24
NK0g91,S3879,556,23
NK0g92,S3880,439,13
NK0g92,S3881,521,25
NK0g92,S3882,477,10
NK0g92,S3883,489,14
NK0g92,S3884,502,22
NK0g92,S3885,494,15
NK0g92,S3886,477,23
NK0g92,S3887,504,24
NK0g92,S3888,501,18
NK0g92,S3889,489,22
NK0g92,S3890,456,25
NK0g92,S3891,511,23
NK0g92,S3892,521,23
NK0g92,S3893,469,12
NK0g92,S3894,474,24
NK0g92,S3895,541,17
NK0g92,S3896,499,22
NK0g92,S3897,535,15
NK0g92,S3898,552,13
NK0g92,S3899,454,13
NK0g92,S3900,482,15
NK0g92,S3901,476,22
NK0g92,S3902,526,19
NK0g92,S3903,530,17
NK0g92,S3904,511,21
NK0g92,S3905,525,17
NK0g92,S3906,496,21
NK0g92,S3907,510,15
NK0g92,S3908,523,17
NK0g92,S3909,564,26
NK0g92,S3910,536,22
NK0g92,S3911,438,23
NK0g92,S3912,559,17
NK0g92,S3913,502,21
NK0g92,S3914,546,19
NK0g92,S3915,452,22
NK0g92,S3916,480,20
NK0g92,S3917,496,14
NK0g92,S3918,473,15
NK0g92,S3919,494,13
NK0g92,S3920,457,19
NK0g92,S3921,488,28
NK0g92,S3922,489,18
NK0g93,S3923,468,20
NK0g93,S3924,455,28
NK0g93,S3925,452,26
NK0g93,S3926,522,25
NK0g93,S3927,517,17
NK0g93,S3928,492,22
NK0g93,S3929,552,16
NK0g93,S3930,464,15
NK0g93,S3931,502,23
NK0g93,S3932,473,17
NK0g93,S3933,498,20
NK0g93,S3934,535,20
NK0g93,S3935,484,26
NK0g93,S3936,440,22
NK0g93,S3937,441,12
NK0g93,S3938,450,28
NK0g93,S3939,511,22
NK0g93,S3940,536,18
NK0g93,S3941,504,14
NK0g93,S3942,508,20
NK0g93,S3943,518,28
NK0g93,S3944,487,17
NK0g93,S3945,478,18
NK0g93,S3946,518,16
NK0g93,S3947,511,27
NK0g93,S3948,462,24
NK0g93,S3949,441,16
NK0g93,S3950,451,23
NK0g93,S3951,430,21
NK0g93,S3952,464,14
NK0g93,S3953,528,22
NK0g93,S3954,486,21
NK0g93,S3955,496,25
NK0g93,S3956,510,19
NK0g93,S3957,493,18
NK0g93,S3958,472,20
NK0g93,S3959,512,25
NK0g93,S3960,487,16
NK0g93,S3961,511,17
NK0g93,S3962,485,13
NK0g93,S3963,499,22
NK0g93,S3964,522,28
NK0g93,S3965,433,25
NK0g93,S3966,515,20
NK0g94,S3967,511,23
NK0g94,S3968,496,13
NK0g94,S3969,479,22
NK0g94,S3970,534,22
NK0g94,S3971,468,25
NK0g94,S3972,440,25
NK0g94,S3973,431,23
NK0g94,S3974,514,17
NK0g94,S3975,502,11
NK0g94,S3976,521,29
NK0g94,S3977,480,22
NK0g94,S3978,482,18
NK0g94,S3979,523,21
NK0g94,S3980,473,19
NK0g94,S3981,482,26
NK0g94,S3982,523,22
NK0g94,S3983,492,21
NK0g94,S3984,482,25
NK0g94,S3985,469,22
NK0g94,S3986,546,14
NK0g94,S3987,518,10
NK0g94,S3988,530,23
NK0g94,S3989,517,18
NK0g94,S3990,508,11
NK0g94,S3991,453,15
NK0g94,S3992,505,23
NK0g94,S3993,480,15
NK0g94,S3994,482,17
NK0g94,S3995,445,20
NK0g94,S3996,506,21
NK0g94,S3997,458,23
NK0g94,S3998,486,26
NK0g94,S3999,503,27
NK0g94,S4000,559,23
NK0g94,S4001,475,23
NK0g94,S4002,472,8
NK0g94,S4003,573,23
NK0g94,S4004,444,19
NK0g94,S4005,537,24
NK0g94,S4006,482,13
NK0g94,S4007,479,14
NK0g95,S4008,467,27
NK0g95,S4009,546,14
NK0g95,S4010,474,23
NK0g95,S4011,537,21
NK0g95,S4012,526,22
NK0g95,S4013,491,12
NK0g95,S4014,476,25
NK0g95,S4015,541,25
NK0g95,S4016,529,19
NK0g95,S4017,502,13
NK0g95,S4018,520,26
NK0g95,S4019,446,14
NK0g95,S4020,523,12
NK0g95,S4021,480,19
NK0g95,S4022,520,18
NK0g95,S4023,506,28
NK0g95,S4024,502,21
NK0g95,S4025,439,23
NK0g95,S4026,462,26
NK0g95,S4027,510,25
NK0g95,S4028,505,19
NK0g95,S4029,479,18
NK0g95,S4030,518,17
NK0g95,S4031,528,24
NK0g95,S4032,506,23
NK0g95,S4033,506,15
NK0g95,S4034,415,26
NK0g95,S4035,490,27
NK0g95,S4036,549,12
NK0g95,S4037,519,11
NK0g95,S4038,494,7
NK0g95,S4039,479,17
NK0g95,S4040,484,22
NK0g95,S4041,543,13
NK0g95,S4042,478,22
NK0g95,S4043,476,24
NK0g95,S4044,488,17
NK0g95,S4045,521,24
NK0g95,S4046,525,21
NK0g95,S4047,540,19
NK0g96,S4048,525,18
NK0g96,S4049,513,15
NK0g96,S4050,558,16
NK0g96,S4051,483,26
NK0g96,S4052,518,20
NK0g96,S4053,488,24
NK0g96,S4054,488,27
NK0g96,S4055,520,21
NK0g96,S4056,493,18
NK0g96,S4057,490,21
NK0g96,S4058,517,21
NK0g96,S4059,501,21
NK0g96,S4060,530,22
NK0g96,S4061,535,17
NK0g96,S4062,517,17
NK0g96,S4063,450,15
NK0g96,S4064,485,20
NK0g96,S4065,460,29
NK0g96,S4066,469,26
NK0g96,S4067,507,19
NK0g96,S4068,543,13
NK0g96,S4069,446,23
NK0g96,S4070,494,22
NK0g96,S4071,486,22
NK0g96,S4072,492,16
NK0g96,S4073,511,20
NK0g96,S4074,506,23
NK0g96,S4075,527,14
NK0g96,S4076,519,26
NK0g96,S4077,491,26
NK0g96,S4078,485,14
NK0g96,S4079,448,21
NK0g96,S4080,489,23
NK0g96,S4081,507,12
NK0g96,S4082,518,15
NK0g96,S4083,490,16
NK0g96,S4084,499,23
NK0g96,S4085,496,28
NK0g96,S4086,518,16
NK0g96,S4087,482,23
NK0g96,S4088,504,26
NK0g96,S4089,525,14
NK0g97,S4090,479,18
NK0g97,S4091,464,20
NK0g97,S4092,505,25
NK0g97,S4093,475,25
NK0g97,S4094,537,27
NK0g97,S4095,520,19
NK0g97,S4096,538,21
NK0g97,S4097,553,18
NK0g97,S4098,539,13
NK0g97,S4099,513,17
NK0g97,S4100,545,24
NK0g97,S4101,455,18
NK0g97,S4102,514,26
NK0g97,S4103,517,17
NK0g97,S4104,480,18
NK0g97,S4105,452,22
NK0g97,S4106,507,28
NK0g97,S4107,473,20
NK0g97,S4108,448,17
NK0g97,S4109,488,23
NK0g97,S4110,554,20
NK0g97,S4111,506,20
NK0g97,S4112,551,20
NK0g97,S4113,493,23
NK0g97,S4114,478,17
NK0g97,S4115,473,19
NK0g97,S4116,508,18
NK0g97,S4117,524,18
NK0g97,S4118,480,17
NK0g97,S4119,475,20
NK0g97,S4120,491,14
NK0g97,S4121,513,17
NK0g97,S4122,470,21
NK0g97,S4123,463,28
NK0g97,S4124,529,30
NK0g97,S4125,502,8
NK0g97,S4126,495,20
NK0g97,S4127,531,22
NK0g97,S4128,514,26
NK0g97,S4129,521,24
NK0g98,S4130,518,18
NK0g98,S4131,500,23
NK0g98,S4132,489,14
NK0g98,S4133,469,25
NK0g98,S4134,465,16
NK0g98,S4135,492,22
NK0g98,S4136,496,19
NK0g98,S4137,490,20
NK0g98,S4138,439,16
NK0g98,S4139,508,25
NK0g98,S4140,566,20
NK0g98,S4141,535,21
NK0g98,S4142,516,14
NK0g98,S4143,448,26
NK0g98,S4144,522,17
NK0g98,S4145,452,20
NK0g98,S4146,512,27
NK0g98,S4147,484,17
NK0g98,S4148,507,20
NK0g98,S4149,528,22
NK0g98,S4150,498,21
NK0g98,S4151,490,30
NK0g98,S4152,523,22
NK0g98,S4153,473,17
NK0g98,S4154,551,18
NK0g98,S4155,512,12
NK0g98,S4156,495,14
NK0g98,S4157,502,16
NK0g98,S4158,433,32
NK0g98,S4159,467,23
NK0g98,S4160,529,21
NK0g98,S4161,484,22
NK0g98,S4162,529,18
NK0g98,S4163,464,29
NK0g98,S4164,486,17
NK0g98,S4165,457,25
NK0g98,S4166,474,8
NK0g98,S4167,540,26
NK0g98,S4168,462,18
NK0g98,S4169,444,20
NK0g98,S4170,472,17
NK0g98,S4171,480,19
NK0g98,S4172,536,21
NK0g98,S4173,507,13
NK0g98,S4174,446,15
NK0g99,S4175,473,21
NK0g99,S4176,546,23
NK0g99,S4177,508,25
NK0g99,S4178,508,23
NK0g99,S4179,492,19
NK0g99,S4180,452,14
NK0g99,S4181,517,20
NK0g99,S4182,473,3
NK0g99,S4183,398,9
NK0g99,S4184,476,28
NK0g99,S4185,509,15
NK0g99,S4186,534,14
NK0g99,S4187,442,26
NK0g99,S4188,532,26
NK0g99,S4189,466,7
NK0g99,S4190,483,14
NK0g99,S4191,499,27
NK0g99,S4192,515,23
NK0g99,S4193,520,22
NK0g99,S4194,473,12
NK0g99,S4195,513,20
NK0g99,S4196,533,11
NK0g99,S4197,446,15
NK0g99,S4198,432,28
NK0g99,S4199,498,18
NK0g99,S4200,509,29
NK0g99,S4201,516,20
NK0g99,S4202,469,14
NK0g99,S4203,511,12
NK0g99,S4204,499,19
NK0g99,S4205,467,23
NK0g99,S4206,487,31
NK0g99,S4207,497,21
NK0g99,S4208,536,15
NK0g99,S4209,536,19
NK0g99,S4210,491,21
NK0g99,S4211,509,25
NK0g99,S4212,460,11
NK0g99,S4213,467,8
NK0g99,S4214,491,15
NK0g99,S4215,505,16
NK0g99,S4216,524,21
NK0g99,S4217,505,30
NK0g100,S4218,460,32
NK0g100,S4219,475,17
NK0g100,S4220,510,13
NK0g100,S4221,504,22
NK0g100,S4222,482,15
NK0g100,S4223,542,21
NK0g100,S4224,500,17
NK0g100,S4225,519,15
NK0g100,S4226,533,21
NK0g100,S4227,503,11
NK0g100,S4228,519,14
NK0g100,S4229,487,21
NK0g100,S4230,520,23
NK0g100,S4231,490,25
NK0g100,S4232,477,20
NK0g100,S4233,458,28
NK0g100,S4234,504,25
NK0g100,S4235,512,19
NK0g100,S4236,521,18
NK0g100,S4237,506,25
NK0g100,S4238,501,30
NK0g100,S4239,500,29
NK0g100,S4240,424,18
NK0g100,S4241,506,22
NK0g100,S4242,480,22
NK0g100,S4243,503,17
NK0g100,S4244,511,22
NK0g100,S4245,488,17
NK0g100,S4246,482,27
NK0g100,S4247,525,23
NK0g100,S4248,563,22
NK0g100,S4249,486,23
NK0g100,S4250,455,15
NK0g100,S4251,454,23
NK0g100,S4252,519,18
NK0g100,S4253,530,27
NK0g100,S4254,486,16
NK0g100,S4255,452,19
NK0g100,S4256,562,22
NK0g100,S4257,473,25
NK0g100,S4258,519,18
NK0g100,S4259,585,24
NK0g100,S4260,520,11
NK0g100,S4261,527,17
NK0g100,S4262,495,15
NK0g101,S4263,508,11
NK0g101,S4264,520,27
NK0g101,S4265,555,25
NK0g101,S4266,459,25
NK0g101,S4267,498,19
NK0g101,S4268,466,24
NK0g101,S4269,543,22
NK0g101,S4270,564,15
NK0g101,S4271,483,22
NK0g101,S4272,486,14
NK0g101,S4273,494,25
NK0g101,S4274,489,25
NK0g101,S4275,491,15
NK0g101,S4276,580,22
NK0g101,S4277,513,17
NK0g101,S4278,519,20
NK0g101,S4279,486,13
NK0g101,S4280,500,24
NK0g101,S4281,541,17
NK0g101,S4282,517,27
NK0g101,S4283,477,17
NK0g101,S4284,506,17
NK0g101,S4285,517,21
NK0g101,S4286,578,22
NK0g101,S4287,546,16
NK0g101,S4288,500,16
NK0g101,S4289,486,19
NK0g101,S4290,535,18
NK0g101,S4291,457,8
NK0g101,S4292,499,25
NK0g101,S4293,499,19
NK0g101,S4294,474,18
NK0g101,S4295,473,20
NK0g101,S4296,472,22
NK0g101,S4297,504,23
NK0g101,S4298,495,20
NK0g101,S4299,509,16
NK0g101,S4300,476,14
NK0g101,S4301,475,14
NK0g101,S4302,572,14
NK0g101,S4303,544,17
NK0g102,S4304,501,30
NK0g102,S4305,512,21
NK0g102,S4306,514,15
NK0g102,S4307,472,24
NK0g102,S4308,517,16
NK0g102,S4309,468,21
NK0g102,S4310,520,15
NK0g102,S4311,516,20
NK0g102,S4312,494,24
NK0g102,S4313,525,17
NK0g102,S4314,533,21
NK0g102,S4315,534,15
NK0g102,S4316,509,11
NK0g102,S4317,517,17
NK0g102,S4318,506,15
NK0g102,S4319,508,23
NK0g102,S4320,515,20
NK0g102,S4321,515,25
NK0g102,S4322,457,27
NK0g102,S4323,467,24
NK0g102,S4324,498,19
NK0g102,S4325,490,28
NK0g102,S4326,527,25
NK0g102,S4327,495,11
NK0g102,S4328,505,27
NK0g102,S4329,480,18
NK0g102,S4330,582,22
NK0g102,S4331,490,21
NK0g102,S4332,488,18
NK0g102,S4333,494,14
NK0g102,S4334,484,16
NK0g102,S4335,514,15
NK0g102,S4336,546,27
NK0g102,S4337,490,11
NK0g102,S4338,484,18
NK0g102,S4339,486,24
NK0g102,S4340,517,11
NK0g102,S4341,458,17
NK0g102,S4342,429,27
NK0g102,S4343,469,24
NK0g102,S4344,528,18
NK0g102,S4345,487,17
NK0g102,S4346,522,14
NK0g102,S4347,465,19
NK0g102,S4348,492,22
NK0g103,S4349,558,17
NK0g103,S4350,529,14
NK0g103,S4351,504,9
NK0g103,S4352,478,24
NK0g103,S4353,491,16
NK0g103,S4354,472,15
NK0g103,S4355,491,17
NK0g103,S4356,459,18
NK0g103,S4357,485,23
NK0g103,S4358,492,16
NK0g103,S4359,494,22
NK0g103,S4360,511,16
NK0g103,S4361,491,15
NK0g103,S4362,510,18
NK0g103,S4363,438,14
NK0g103,S4364,535,24
NK0g103,S4365,524,27
NK0g103,S4366,455,18
NK0g103,S4367,522,23
NK0g103,S4368,476,22
NK0g103,S4369,493,21
NK0g103,S4370,467,19
NK0g103,S4371,532,25
NK0g103,S4372,549,17
NK0g103,S4373,516,17
NK0g103,S4374,510,29
NK0g103,S4375,494,22
NK0g103,S4376,453,19
NK0g103,S4377,488,13
NK0g103,S4378,494,21
NK0g103,S4379,505,12
NK0g103,S4380,491,13
NK0g103,S4381,532,22
NK0g103,S4382,514,14
NK0g103,S4383,506,17
NK0g103,S4384,495,20
NK0g103,S4385,455,25
NK0g103,S4386,463,25
NK0g103,S4387,484,23
NK0g103,S4388,499,20
NK0g103,S4389,550,17
NK0g103,S4390,487,23
NK0g103,S4391,480,13
NK0g103,S4392,508,22
NK0g103,S4393,464,22
NK0g104,S4394,490,13
NK0g104,S4395,500,14
NK0g104,S4396,567,16
NK0g104,S4397,542,17
NK0g104,S4398,442,18
NK0g104,S4399,490,13
NK0g104,S4400,469,24
NK0g104,S4401,472,13
NK0g104,S4402,503,23
NK0g104,S4403,408,16
NK0g104,S4404,475,17
NK0g104,S4405,439,19
NK0g104,S4406,452,22
NK0g104,S4407,505,15
NK0g104,S4408,505,13
NK0g104,S4409,494,12
NK0g104,S4410,589,12
NK0g104,S4411,495,23
NK0g104,S4412,501,14
NK0g104,S4413,513,19
NK0g104,S4414,510,24
NK0g104,S4415,480,17
NK0g104,S4416,517,19
NK0g104,S4417,508,27
NK0g104,S4418,471,26
NK0g104,S4419,474,19
NK0g104,S4420,543,14
NK0g104,S4421,482,17
NK0g104,S4422,463,19
NK0g104,S4423,512,10
NK0g104,S4424,445,17
NK0g104,S4425,520,16
NK0g104,S4426,524,24
NK0g104,S4427,483,24
NK0g104,S4428,450,18
NK0g104,S4429,497,15
NK0g104,S4430,503,17
NK0g104,S4431,484,22
NK0g104,S4432,476,18
NK0g104,S4433,424,16
NK0g105,S4434,550,18
NK0g105,S4435,486,20
NK0g105,S4436,565,23
NK0g105,S4437,524,19
NK0g105,S4438,500,17
NK0g105,S4439,483,25
NK0g105,S4440,513,30
NK0g105,S4441,513,17
NK0g105,S4442,534,14
NK0g105,S4443,571,23
NK0g105,S4444,483,19
NK0g105,S4445,488,25
NK0g105,S4446,483,20
NK0g105,S4447,522,19
NK0g105,S4448,474,24
NK0g105,S4449,499,19
NK0g105,S4450,518,26
NK0g105,S4451,502,21
NK0g105,S4452,493,30
NK0g105,S4453,491,23
NK0g105,S4454,442,20
NK0g105,S4455,499,20
NK0g105,S4456,480,22
NK0g105,S4457,528,21
NK0g105,S4458,478,20
NK0g105,S4459,465,19
NK0g105,S4460,501,19
NK0g105,S4461,443,15
NK0g105,S4462,473,17
NK0g105,S4463,466,15
NK0g105,S4464,475,16
NK0g105,S4465,506,13
NK0g105,S4466,498,26
NK0g105,S4467,524,22
NK0g105,S4468,519,31
NK0g105,S4469,457,25
NK0g105,S4470,473,14
NK0g105,S4471,455,19
NK0g105,S4472,491,18
NK0g105,S4473,469,16
NK0g106,S4474,526,17
NK0g106,S4475,466,14
NK0g106,S4476,464,18
NK0g106,S4477,459,16
NK0g106,S4478,500,18
NK0g106,S4479,494,16
NK0g106,S4480,468,23
NK0g106,S4481,529,20
NK0g106,S4482,490,25
NK0g106,S4483,461,23
NK0g106,S4484,476,30
NK0g106,S4485,513,12
NK0g106,S4486,512,21
NK0g106,S4487,510,6
NK0g106,S4488,511,20
NK0g106,S4489,486,23
NK0g106,S4490,500,21
NK0g106,S4491,495,26
NK0g106,S4492,502,19
NK0g106,S4493,515,15
NK0g106,S4494,539,22
NK0g106,S4495,495,18
NK0g106,S4496,547,17
NK0g106,S4497,474,19
NK0g106,S4498,480,21
NK0g106,S4499,545,26
NK0g106,S4500,492,23
NK0g106,S4501,559,27
NK0g106,S4502,535,16
NK0g106,S4503,483,26
NK0g106,S4504,521,27
NK0g106,S4505,507,24
NK0g106,S4506,529,25
NK0g106,S4507,517,15
NK0g106,S4508,478,15
NK0g106,S4509,543,17
NK0g106,S4510,534,14
NK0g106,S4511,478,17
NK0g106,S4512,492,23
NK0g106,S4513,524,16
NK0g106,S4514,452,28
NK0g106,S4515,518,19
NK0g106,S4516,518,17
NK0g106,S4517,496,25
NK0g106,S4518,545,20
